id,store_id,date,heure,nb_transactions,chiffre_affaires
272,8,2025-03-10,11,39,2159.53
273,3,2025-03-11,17,145,9612.63
274,3,2025-03-12,11,138,8780.13
275,3,2025-03-18,16,107,6827.87
276,5,2025-03-18,12,72,4523.88
277,6,2025-03-21,16,54,3799.65
278,10,2025-03-24,15,27,1875.64
279,6,2025-03-28,16,72,4815.40
526,4,2025-03-03,18,92,5747.20
527,8,2025-03-03,18,65,4558.68
528,4,2025-03-04,10,35,2100.60
529,5,2025-03-04,12,63,4066.87
530,4,2025-03-05,16,90,5953.54
531,6,2025-03-05,14,46,3142.91
532,7,2025-03-06,18,123,7928.45
533,5,2025-03-07,13,68,4222.86
534,8,2025-03-07,17,85,5423.83
535,10,2025-03-11,16,28,2147.63
536,7,2025-03-13,19,91,5829.38
537,10,2025-03-13,11,30,1842.78
538,7,2025-03-19,18,81,5386.43
539,3,2025-03-20,10,87,5698.99
540,8,2025-03-25,16,31,2161.31
541,5,2025-03-27,11,45,2886.10
811,9,2025-03-03,15,45,3025.39
812,6,2025-03-04,14,59,3767.82
813,4,2025-03-06,17,101,7478.44
814,8,2025-03-06,9,26,1981.15
815,10,2025-03-06,12,38,2673.51
816,4,2025-03-07,13,158,11057.86
817,7,2025-03-07,10,86,5182.86
818,2,2025-03-11,15,98,6289.95
819,2,2025-03-12,12,150,9077.21
820,5,2025-03-14,17,121,7553.96
821,2,2025-03-18,14,96,6041.95
822,7,2025-03-18,16,49,3332.42
823,5,2025-03-19,12,86,5781.64
824,9,2025-03-19,14,73,4765.68
825,1,2025-03-27,9,63,3427.11
826,5,2025-03-31,19,36,2584.41
1123,1,2025-03-04,18,171,11422.94
1124,4,2025-03-04,11,69,4343.62
1125,4,2025-03-04,16,83,4899.31
1126,6,2025-03-04,11,44,2880.02
1127,10,2025-03-06,16,35,2198.53
1128,10,2025-03-07,14,42,2770.02
1129,1,2025-03-10,16,94,6282.95
1130,6,2025-03-13,18,101,6918.55
1131,5,2025-03-14,11,82,5368.79
1132,6,2025-03-17,9,26,1734.29
1133,7,2025-03-21,13,131,8722.72
1134,6,2025-03-26,11,51,3496.15
1135,2,2025-03-27,15,62,4406.36
1136,6,2025-03-31,18,42,3181.54
1441,4,2025-03-03,17,107,7329.17
1442,9,2025-03-06,11,45,3083.89
1443,6,2025-03-07,18,111,7024.12
1444,2,2025-03-12,13,218,14068.37
1445,3,2025-03-13,19,71,4046.86
1446,1,2025-03-18,14,71,4936.40
1447,6,2025-03-18,16,60,4000.78
1448,5,2025-03-28,16,44,2783.90
1449,7,2025-03-31,12,80,5512.73
1450,10,2025-03-31,12,30,2123.54
1721,1,2025-03-05,16,156,9585.28
1722,10,2025-03-10,19,21,1627.25
1723,9,2025-03-11,19,78,5131.91
1724,8,2025-03-13,18,66,4432.92
1725,4,2025-03-21,12,66,4365.79
1726,6,2025-03-28,11,75,5132.68
1972,1,2025-03-03,18,140,9449.78
1973,3,2025-03-03,11,46,2953.59
1974,1,2025-03-04,12,101,6690.68
1975,4,2025-03-04,13,102,6845.80
1976,7,2025-03-06,12,71,4713.37
1977,3,2025-03-10,15,59,3619.34
1978,4,2025-03-14,18,87,6126.36
1979,7,2025-03-18,11,69,4351.69
1980,4,2025-03-26,14,76,5275.44
1981,10,2025-03-26,14,50,3176.33
1982,9,2025-03-28,13,82,5541.35
2281,9,2025-03-05,17,101,6556.72
2282,6,2025-03-06,13,45,3060.85
2283,3,2025-03-07,15,90,5748.44
2284,3,2025-03-10,12,95,6320.46
2285,4,2025-03-20,10,67,4608.08
2286,5,2025-03-24,17,63,4061.58
2287,5,2025-03-31,13,62,4346.61
2531,10,2025-03-11,15,26,1812.64
2532,9,2025-03-19,12,89,5712.67
2533,4,2025-03-20,15,57,3797.02
2534,7,2025-03-20,11,60,3278.36
2535,7,2025-03-21,18,73,4996.57
2536,4,2025-03-24,17,77,4789.38
2537,5,2025-03-28,17,89,5935.36
2538,10,2025-03-31,17,26,1742.21
2822,3,2025-03-04,19,103,6312.20
2823,8,2025-03-05,12,68,3971.49
2824,2,2025-03-07,14,106,6401.33
2825,10,2025-03-07,18,52,2871.31
2826,5,2025-03-10,11,45,2887.44
2827,6,2025-03-10,14,48,3341.53
2828,1,2025-03-11,10,123,8214.35
2829,5,2025-03-11,13,65,4379.91
2830,5,2025-03-11,14,44,3185.94
2831,6,2025-03-18,13,77,5158.50
2832,7,2025-03-20,18,61,3981.43
2833,2,2025-03-24,9,27,2003.76
2834,8,2025-03-24,14,38,2713.88
2835,7,2025-03-25,11,57,3597.08
2836,3,2025-03-31,16,107,7209.56
3098,3,2025-03-05,12,103,6922.03
3099,8,2025-03-06,12,59,3677.72
3100,9,2025-03-06,19,59,3849.56
3101,4,2025-03-07,12,70,4347.28
3102,6,2025-03-10,13,37,2358.06
3103,9,2025-03-10,18,56,3514.27
3104,9,2025-03-18,15,57,3893.88
3105,4,2025-03-19,11,85,5252.48
3106,3,2025-03-20,9,44,2976.09
3107,3,2025-03-25,15,110,7294.82
3108,7,2025-03-27,15,45,2734.87
3109,8,2025-03-28,12,91,5981.43
3110,6,2025-03-31,9,24,1541.20
3364,1,2025-03-05,19,119,6978.68
3365,2,2025-03-05,15,61,3872.71
3366,7,2025-03-12,15,64,4398.65
3367,3,2025-03-13,17,159,10403.34
3368,7,2025-03-14,17,69,4461.43
3369,2,2025-03-17,10,47,2755.28
3370,2,2025-03-20,9,51,3423.50
3371,6,2025-03-21,12,73,4654.89
3372,9,2025-03-24,11,30,1803.16
3373,10,2025-03-25,14,26,1887.00
3374,2,2025-03-26,16,106,7125.45
3375,6,2025-03-26,12,56,3472.77
3655,1,2025-03-05,17,288,18514.23
3656,2,2025-03-05,9,51,2938.87
3657,10,2025-03-11,10,25,1637.23
3658,5,2025-03-12,9,29,1544.82
3659,10,2025-03-14,10,32,2049.37
3660,2,2025-03-20,13,158,10895.57
3661,8,2025-03-25,10,32,2212.23
3662,7,2025-03-26,16,98,6877.88
3663,2,2025-03-31,18,70,4727.39
3664,5,2025-03-31,17,65,4122.35
3665,6,2025-03-31,17,44,3082.31
3941,1,2025-03-03,19,96,6632.64
3942,2,2025-03-04,19,118,7570.06
3943,8,2025-03-06,19,65,4014.57
3944,1,2025-03-07,11,167,11190.78
3945,5,2025-03-10,18,69,4302.95
3946,3,2025-03-14,18,188,13294.39
3947,4,2025-03-18,10,58,3654.29
3948,4,2025-03-21,18,141,9242.06
3949,4,2025-03-24,14,59,3611.80
3950,9,2025-03-25,17,89,5573.60
4215,10,2025-03-03,10,25,1708.60
4216,2,2025-03-05,13,151,9669.08
4217,5,2025-03-05,15,56,3788.05
4218,8,2025-03-05,19,76,5468.64
4219,5,2025-03-11,19,49,3842.60
4220,7,2025-03-12,13,130,8251.57
4221,5,2025-03-13,16,46,2624.91
4222,8,2025-03-13,17,58,3713.61
4223,9,2025-03-19,15,62,4335.68
4224,1,2025-03-25,13,144,9464.93
4225,5,2025-03-25,15,62,4416.09
4226,6,2025-03-25,16,54,3556.60
4227,3,2025-03-26,11,104,6729.28
4228,3,2025-03-27,9,49,3235.58
4229,1,2025-03-31,12,132,8375.05
4485,1,2025-03-03,9,51,3281.48
4486,3,2025-03-03,16,84,5429.59
4487,8,2025-03-04,17,61,4096.76
4488,9,2025-03-05,15,58,3521.94
4489,3,2025-03-06,9,61,3246.28
4490,5,2025-03-17,14,38,2089.53
4491,3,2025-03-21,14,115,7861.44
4492,9,2025-03-21,17,97,6691.87
4493,9,2025-03-24,9,27,1643.08
4494,10,2025-03-24,19,28,1715.71
4495,6,2025-03-27,15,61,4380.60
4743,10,2025-03-03,13,49,3414.82
4744,4,2025-03-10,19,46,3169.38
4745,4,2025-03-12,17,145,9988.08
4746,10,2025-03-12,15,39,2323.15
4747,6,2025-03-13,11,32,2060.25
4748,9,2025-03-17,10,22,1401.77
4749,5,2025-03-24,14,32,2065.56
4750,10,2025-03-25,10,25,1836.94
4751,6,2025-03-27,9,19,1228.56
5025,8,2025-03-03,13,48,3408.57
5026,8,2025-03-04,15,38,2420.27
5027,3,2025-03-06,12,105,7117.90
5028,2,2025-03-10,12,73,4231.26
5029,5,2025-03-13,13,97,6481.60
5030,9,2025-03-14,17,106,6690.67
5031,9,2025-03-20,17,72,4913.37
5032,10,2025-03-21,14,23,1736.17
5033,7,2025-03-24,15,52,3496.30
5034,10,2025-03-24,12,27,1718.59
5035,9,2025-03-25,14,76,5133.30
5036,4,2025-03-26,15,72,4282.38
5037,9,2025-03-26,15,59,3931.84
5038,4,2025-03-28,19,81,4840.36
5299,6,2025-03-06,11,34,2223.98
5300,1,2025-03-07,14,130,7885.23
5301,8,2025-03-10,14,57,3720.10
5302,9,2025-03-10,17,66,4285.77
5303,1,2025-03-11,17,173,11469.00
5304,6,2025-03-12,12,50,3393.33
5305,1,2025-03-17,17,153,10695.80
5306,6,2025-03-18,15,28,1525.44
5307,7,2025-03-19,10,81,4901.39
5308,5,2025-03-21,10,56,3402.02
5309,7,2025-03-24,9,34,2199.35
5310,3,2025-03-27,19,96,5736.76
5311,2,2025-03-28,16,82,5328.24
5575,1,2025-03-07,9,82,4868.45
5576,6,2025-03-13,16,37,2561.42
5577,2,2025-03-20,16,100,6657.85
5578,9,2025-03-21,9,39,2850.50
5579,9,2025-03-25,16,60,3028.70
5580,10,2025-03-25,13,39,2664.04
5581,2,2025-03-31,17,79,5276.68
5849,6,2025-03-03,13,70,4738.84
5850,2,2025-03-05,19,166,11130.05
5851,9,2025-03-06,9,31,2091.74
5852,6,2025-03-07,19,46,3255.70
5853,4,2025-03-11,16,61,3975.02
5854,10,2025-03-11,17,49,3007.57
5855,1,2025-03-14,13,190,12285.04
5856,3,2025-03-17,13,90,6264.36
5857,10,2025-03-19,10,24,1276.29
5858,8,2025-03-24,15,52,3608.34
5859,8,2025-03-24,16,47,3084.19
5860,10,2025-03-26,13,38,2548.82
5861,4,2025-03-27,12,85,6048.43
5862,7,2025-03-27,12,68,4543.17
5863,2,2025-03-28,12,123,8128.08
5864,6,2025-03-28,17,92,5370.75
6130,8,2025-03-06,11,39,2204.77
6131,4,2025-03-11,15,80,5368.24
6132,1,2025-03-14,18,226,14196.25
6133,8,2025-03-19,19,73,4261.82
6134,9,2025-03-25,11,42,2474.96
6135,1,2025-03-26,17,216,14124.50
6136,3,2025-03-26,9,36,2293.06
6137,2,2025-03-28,19,133,8089.28
6393,9,2025-03-03,12,56,3271.68
6394,3,2025-03-04,10,54,3282.95
6395,5,2025-03-05,13,96,6753.46
6396,4,2025-03-06,18,104,6741.80
6397,7,2025-03-07,11,62,3667.08
6398,5,2025-03-12,18,95,6057.74
6399,2,2025-03-13,15,80,4889.64
6400,3,2025-03-20,17,91,6199.88
6401,7,2025-03-24,18,92,6437.51
6664,3,2025-03-03,18,105,6787.34
6665,2,2025-03-06,14,102,6360.84
6666,10,2025-03-07,17,46,3297.04
6667,9,2025-03-10,19,66,3782.71
6668,6,2025-03-11,13,65,4081.88
6669,7,2025-03-11,16,67,3993.54
6670,2,2025-03-13,18,136,8990.27
6671,3,2025-03-18,15,70,4312.85
6672,3,2025-03-19,10,85,5119.06
6673,3,2025-03-21,17,143,9571.61
6674,1,2025-03-25,15,165,10550.05
6675,2,2025-03-26,11,76,4888.03
6676,9,2025-03-26,13,57,4056.18
6677,4,2025-03-28,11,66,4173.85
6952,6,2025-03-03,19,36,2075.11
6953,6,2025-03-05,13,118,7560.70
6954,1,2025-03-10,15,97,6069.37
6955,2,2025-03-17,14,58,3720.49
6956,7,2025-03-17,12,65,4441.35
6957,3,2025-03-18,18,152,9919.66
6958,1,2025-03-24,16,90,5792.05
6959,1,2025-03-28,12,170,10909.13
6960,5,2025-03-28,10,64,3971.24
6961,9,2025-03-28,11,67,4118.24
7237,5,2025-03-04,18,67,4210.94
7238,3,2025-03-05,10,94,6179.49
7239,7,2025-03-05,16,91,6137.76
7240,5,2025-03-06,18,101,6924.72
7241,4,2025-03-11,18,113,7576.14
7242,1,2025-03-13,18,177,12032.77
7243,1,2025-03-14,15,111,7289.06
7244,1,2025-03-14,19,174,11401.91
7245,8,2025-03-14,12,89,5529.34
7246,9,2025-03-14,10,65,4097.80
7247,5,2025-03-17,17,41,2528.59
7248,4,2025-03-20,13,121,8184.12
7249,5,2025-03-24,13,84,5104.85
7250,8,2025-03-25,19,62,3923.54
7251,10,2025-03-25,17,49,3480.90
7252,1,2025-03-28,10,96,6418.68
7253,2,2025-03-28,14,92,6408.26
7254,9,2025-03-28,10,58,4120.86
7255,9,2025-03-28,12,67,4318.48
7256,9,2025-03-28,15,76,4895.46
7257,9,2025-03-28,19,106,7042.04
7522,5,2025-03-04,17,108,7390.18
7523,1,2025-03-05,11,181,12165.36
7524,3,2025-03-05,15,118,8141.81
7525,3,2025-03-06,15,110,6999.23
7526,10,2025-03-07,16,41,2902.47
7527,6,2025-03-17,10,32,1992.68
7528,9,2025-03-18,14,42,2665.52
7529,6,2025-03-21,9,18,1157.40
7530,9,2025-03-24,16,47,3087.98
7531,4,2025-03-26,12,110,7452.96
7532,1,2025-03-27,14,131,8237.87
7533,6,2025-03-28,9,26,1518.98
7534,5,2025-03-31,15,45,3040.67
7807,1,2025-03-04,11,141,9512.51
7808,8,2025-03-10,9,20,1428.13
7809,8,2025-03-10,16,29,1789.34
7810,3,2025-03-14,14,147,9371.55
7811,6,2025-03-18,11,59,3753.90
7812,8,2025-03-18,11,44,2744.81
7813,1,2025-03-20,18,134,8629.28
7814,7,2025-03-20,9,33,2094.68
7815,9,2025-03-25,13,87,5886.08
8067,1,2025-03-03,13,136,9014.57
8068,7,2025-03-03,19,88,5943.59
8069,3,2025-03-06,19,79,5335.48
8070,4,2025-03-10,14,78,5037.53
8071,4,2025-03-17,17,112,7273.24
8072,9,2025-03-17,15,33,1978.53
8073,2,2025-03-18,13,156,10285.55
8074,1,2025-03-20,13,218,14445.98
8075,4,2025-03-21,9,44,3132.51
8076,2,2025-03-28,18,173,11120.90
8077,2,2025-03-31,9,42,2787.80
8078,4,2025-03-31,17,91,6092.78
8339,7,2025-03-04,17,66,4263.59
8340,1,2025-03-06,17,195,13672.57
8341,4,2025-03-10,13,89,5785.61
8342,7,2025-03-17,13,83,5371.20
8343,1,2025-03-21,14,126,7918.25
8344,10,2025-03-21,15,40,2146.24
8345,7,2025-03-26,14,58,3718.18
8346,7,2025-03-28,10,92,5677.78
8347,9,2025-03-31,9,33,2159.07
8624,5,2025-03-05,19,94,5793.12
8625,9,2025-03-05,10,66,4381.11
8626,9,2025-03-10,9,23,1311.38
8627,1,2025-03-11,16,123,8072.19
8628,1,2025-03-12,9,65,4161.20
8629,9,2025-03-13,16,79,5143.55
8630,2,2025-03-14,19,96,6387.63
8631,4,2025-03-14,14,100,6787.50
8632,2,2025-03-17,13,127,8316.90
8633,4,2025-03-27,19,67,4949.47
8634,6,2025-03-27,13,80,5145.74
8635,7,2025-03-27,18,82,5437.01
8636,6,2025-03-28,19,86,5935.51
8637,8,2025-03-31,12,49,3244.11
8907,9,2025-03-04,16,61,3977.30
8908,8,2025-03-05,9,31,1988.22
8909,1,2025-03-06,16,126,8980.42
8910,2,2025-03-06,11,61,4140.93
8911,3,2025-03-07,10,58,4150.29
8912,4,2025-03-07,11,109,7540.59
8913,5,2025-03-10,16,37,2607.83
8914,2,2025-03-14,11,105,6728.39
8915,3,2025-03-14,15,135,8101.86
8916,1,2025-03-17,19,105,7115.58
8917,3,2025-03-20,12,123,8178.06
8918,2,2025-03-24,12,81,5074.15
8919,1,2025-03-31,19,110,7433.41
9189,7,2025-03-04,12,79,5087.14
9190,1,2025-03-06,9,81,5200.82
9191,10,2025-03-14,12,56,3629.86
9192,8,2025-03-24,12,34,2011.55
9193,8,2025-03-25,13,91,5980.17
9194,5,2025-03-27,10,41,2391.33
9195,2,2025-03-31,10,43,2586.58
9196,9,2025-03-31,18,50,3027.67
9478,2,2025-03-10,15,51,3071.40
9479,10,2025-03-11,18,39,2263.29
9480,10,2025-03-12,9,17,1323.63
9481,4,2025-03-14,9,32,2110.68
9482,1,2025-03-18,10,112,6837.22
9483,5,2025-03-19,11,54,3392.89
9484,8,2025-03-27,18,98,6813.12
9485,6,2025-03-31,16,33,2157.88
9756,4,2025-03-03,15,61,4152.93
9757,3,2025-03-11,19,81,4633.54
9758,9,2025-03-11,10,48,3307.27
9759,10,2025-03-11,9,18,1185.20
9760,9,2025-03-13,13,58,3757.78
9761,2,2025-03-21,12,117,7934.08
9762,6,2025-03-21,10,40,2491.06
9763,6,2025-03-21,19,60,4148.80
9764,8,2025-03-25,18,79,5078.38
9765,10,2025-03-25,12,38,2612.75
10033,8,2025-03-03,9,24,1292.11
10034,4,2025-03-05,14,89,5843.45
10035,4,2025-03-06,9,30,2112.76
10036,10,2025-03-06,11,23,1585.21
10037,7,2025-03-11,12,58,3587.30
10038,5,2025-03-12,11,74,4474.62
10039,2,2025-03-13,19,122,8294.29
10040,1,2025-03-14,14,162,10195.60
10041,7,2025-03-17,17,111,7444.48
10042,1,2025-03-19,11,162,10277.20
10043,4,2025-03-21,15,60,3891.61
10044,8,2025-03-21,9,28,1980.92
10045,9,2025-03-21,14,74,4985.62
10046,6,2025-03-26,10,45,2786.41
10047,1,2025-03-27,11,128,8241.62
10048,8,2025-03-28,17,81,5019.78
10049,3,2025-03-31,9,34,2351.41
10301,5,2025-03-03,9,22,1412.44
10302,5,2025-03-03,19,59,3913.11
10303,1,2025-03-11,14,91,6077.35
10304,5,2025-03-14,9,37,2485.98
10305,5,2025-03-17,12,62,4151.99
10306,1,2025-03-19,13,206,13671.28
10307,8,2025-03-19,18,88,6327.82
10308,1,2025-03-20,16,100,6399.43
10309,4,2025-03-21,16,115,7423.93
10310,2,2025-03-25,15,82,5209.90
10311,5,2025-03-25,9,32,2268.09
10312,1,2025-03-27,16,132,8530.02
10313,1,2025-03-31,9,49,3188.74
10314,7,2025-03-31,10,50,3528.90
10599,9,2025-03-03,17,44,2702.54
10600,6,2025-03-04,15,52,3658.64
10601,2,2025-03-17,16,63,3721.61
10602,1,2025-03-18,19,164,10855.57
10603,6,2025-03-18,17,51,3120.96
10604,9,2025-03-20,15,64,3946.41
10605,4,2025-03-24,16,43,2585.31
10855,8,2025-03-03,17,60,3605.44
10856,6,2025-03-06,9,17,1139.15
10857,9,2025-03-07,12,64,4411.38
10858,3,2025-03-13,13,147,8764.84
10859,9,2025-03-14,18,69,3974.28
10860,10,2025-03-14,14,30,1926.79
10861,8,2025-03-18,18,63,3526.92
10862,6,2025-03-20,11,44,2827.46
10863,7,2025-03-25,15,77,5583.54
10864,8,2025-03-26,16,78,5060.12
10865,3,2025-03-28,10,71,4768.50
10866,3,2025-03-28,14,66,4313.95
11149,4,2025-03-17,10,51,3010.07
11150,8,2025-03-17,12,29,1725.35
11151,9,2025-03-21,11,75,5131.14
11152,3,2025-03-25,19,91,5445.30
11153,6,2025-03-25,14,56,3404.98
11154,8,2025-03-27,13,52,2972.00
11155,9,2025-03-27,9,23,1550.95
11156,1,2025-03-28,18,264,17253.41
11426,7,2025-03-03,13,89,5598.38
11427,2,2025-03-14,12,121,7623.68
11428,10,2025-03-18,12,29,1599.63
11429,9,2025-03-20,12,81,4934.75
11430,4,2025-03-21,19,66,4624.41
11431,4,2025-03-31,14,56,3356.87
11697,10,2025-03-04,18,43,2713.51
11698,7,2025-03-05,14,76,5466.88
11699,7,2025-03-11,13,84,5102.57
11700,2,2025-03-12,14,117,7809.02
11701,5,2025-03-12,12,86,5333.08
11702,5,2025-03-14,10,39,2810.52
11703,6,2025-03-14,16,73,4745.02
11704,6,2025-03-14,18,67,4802.28
11705,8,2025-03-17,9,23,1517.26
11706,7,2025-03-26,13,113,7183.26
11707,3,2025-03-28,11,123,8289.72
11981,3,2025-03-04,16,78,4863.25
11982,6,2025-03-04,18,90,6184.72
11983,7,2025-03-11,9,32,2179.74
11984,7,2025-03-13,17,69,5063.83
11985,3,2025-03-18,9,37,2532.26
11986,8,2025-03-19,14,68,4693.43
11987,8,2025-03-24,10,38,2640.34
11988,3,2025-03-25,11,118,7491.26
11989,6,2025-03-25,12,51,3285.98
11990,8,2025-03-26,13,80,5480.31
11991,10,2025-03-28,10,22,1546.27
12229,5,2025-03-11,12,56,3278.80
12230,7,2025-03-11,19,60,3992.10
12231,3,2025-03-12,14,110,6856.00
12232,5,2025-03-13,10,58,3737.24
12233,5,2025-03-21,12,84,5390.87
12234,8,2025-03-26,15,54,3326.79
12235,7,2025-03-27,16,56,3660.35
12236,10,2025-03-31,19,26,1689.67
12477,2,2025-03-04,15,100,6134.01
12478,1,2025-03-10,19,116,7552.29
12479,6,2025-03-10,10,32,1963.74
12480,6,2025-03-11,18,70,4635.01
12481,3,2025-03-17,12,78,4837.96
12482,10,2025-03-17,14,22,1256.77
12483,10,2025-03-17,15,28,1624.95
12484,8,2025-03-27,12,74,4868.02
12485,8,2025-03-28,19,52,3417.31
12749,3,2025-03-05,14,107,7157.66
12750,3,2025-03-05,16,85,5709.96
12751,9,2025-03-06,14,48,2891.43
12752,5,2025-03-10,19,43,2561.35
12753,8,2025-03-11,16,36,2116.48
12754,1,2025-03-13,14,88,5674.75
12755,3,2025-03-14,12,148,9493.57
12756,8,2025-03-14,17,72,4481.92
12757,2,2025-03-18,10,54,3391.21
12758,5,2025-03-19,16,47,3691.92
12759,3,2025-03-21,10,74,5033.58
12760,6,2025-03-24,19,41,2267.65
13010,10,2025-03-06,9,16,852.10
13011,10,2025-03-06,10,21,1360.29
13012,4,2025-03-07,14,68,4144.07
13013,6,2025-03-07,16,60,4047.32
13014,9,2025-03-07,9,27,1583.32
13015,10,2025-03-10,11,19,1339.56
13016,9,2025-03-12,16,53,3275.24
13017,6,2025-03-13,13,50,3631.34
13018,10,2025-03-14,11,47,3192.16
13019,7,2025-03-18,13,71,4242.53
13020,9,2025-03-19,16,83,5724.04
13021,2,2025-03-27,16,110,7102.82
13022,3,2025-03-27,11,89,5883.10
13305,8,2025-03-04,9,22,1460.05
13306,1,2025-03-06,12,145,9603.21
13307,2,2025-03-14,15,112,7514.35
13308,3,2025-03-19,9,54,3509.81
13309,10,2025-03-19,18,42,2815.51
13310,5,2025-03-21,19,93,6234.08
13311,4,2025-03-27,10,42,2846.22
13312,5,2025-03-31,10,27,2146.72
13574,7,2025-03-03,14,59,3883.36
13575,5,2025-03-07,10,57,3723.54
13576,10,2025-03-12,13,70,4686.07
13577,1,2025-03-14,10,86,5671.77
13578,5,2025-03-17,18,82,5698.24
13579,6,2025-03-17,15,52,3533.83
13580,10,2025-03-17,10,29,1902.93
13581,10,2025-03-18,17,50,3344.33
13582,2,2025-03-19,18,136,9164.96
13583,3,2025-03-19,17,160,10152.16
13584,7,2025-03-21,15,84,5458.01
13585,10,2025-03-21,13,48,3498.91
13586,1,2025-03-26,18,202,12377.38
13587,2,2025-03-26,10,67,4306.41
13588,4,2025-03-27,15,59,4015.69
13589,8,2025-03-28,11,48,2854.19
13851,3,2025-03-03,14,57,3009.60
13852,5,2025-03-06,14,69,4248.51
13853,5,2025-03-12,13,82,5834.41
13854,6,2025-03-12,17,86,5434.64
13855,8,2025-03-17,16,26,1827.04
13856,4,2025-03-20,12,63,3957.08
13857,8,2025-03-20,13,49,3152.43
13858,3,2025-03-25,9,38,2550.34
14141,2,2025-03-03,19,99,6599.61
14142,3,2025-03-04,17,85,5607.29
14143,4,2025-03-11,13,121,8626.28
14144,7,2025-03-12,14,46,3140.97
14145,9,2025-03-14,11,68,3904.67
14146,7,2025-03-19,9,38,2525.89
14147,10,2025-03-19,9,17,1047.06
14148,9,2025-03-21,10,63,4047.09
14149,6,2025-03-25,11,42,2651.60
14150,10,2025-03-31,16,18,1182.12
14416,7,2025-03-10,12,68,4347.21
14417,1,2025-03-17,12,135,8896.58
14418,9,2025-03-18,9,19,1166.13
14419,2,2025-03-24,10,74,4546.90
14420,1,2025-03-25,19,112,7962.29
14421,6,2025-03-25,10,35,2450.04
14422,5,2025-03-26,11,74,4779.46
14423,5,2025-03-26,18,83,5215.10
14424,5,2025-03-27,19,83,4898.73
14691,4,2025-03-03,16,65,4255.46
14692,5,2025-03-05,18,130,8672.03
14693,3,2025-03-07,12,146,9733.59
14694,10,2025-03-07,19,43,2736.54
14695,8,2025-03-11,11,57,3842.04
14696,5,2025-03-12,14,71,4859.45
14697,3,2025-03-13,9,40,2723.88
14698,1,2025-03-17,10,66,4135.02
14699,5,2025-03-18,11,40,2419.56
14700,8,2025-03-18,13,71,4248.03
14701,1,2025-03-19,19,154,10832.43
14967,9,2025-03-03,11,53,3298.11
14968,3,2025-03-10,10,80,5238.30
14969,3,2025-03-17,15,72,4401.77
14970,10,2025-03-18,16,24,1705.89
14971,2,2025-03-20,15,74,4486.97
14972,3,2025-03-20,13,150,9953.60
14973,1,2025-03-21,9,68,4479.42
14974,6,2025-03-24,14,32,2194.08
14975,8,2025-03-25,9,20,1273.12
14976,3,2025-03-27,12,130,8646.62
14977,10,2025-03-28,17,58,3458.89
15222,6,2025-03-10,12,48,3482.27
15223,4,2025-03-13,9,45,3095.61
15224,6,2025-03-13,14,29,1785.11
15225,3,2025-03-18,14,97,6615.49
15226,1,2025-03-19,9,86,5681.94
15227,8,2025-03-20,18,50,3246.87
15228,7,2025-03-24,10,34,2636.41
15229,2,2025-03-25,19,109,6720.52
15230,5,2025-03-25,18,66,4091.63
15231,5,2025-03-26,16,60,3839.36
15232,7,2025-03-26,19,76,5763.55
15479,7,2025-03-04,14,57,3839.80
15480,5,2025-03-05,9,39,2649.09
15481,7,2025-03-05,17,133,8091.53
15482,4,2025-03-11,17,108,6813.59
15483,6,2025-03-11,11,35,2520.53
15484,1,2025-03-12,19,161,10289.35
15485,2,2025-03-13,17,173,11216.95
15486,2,2025-03-19,15,97,6382.46
15487,6,2025-03-20,12,55,3682.59
15488,5,2025-03-24,12,48,2822.82
15489,6,2025-03-24,9,17,1194.61
15490,7,2025-03-24,17,99,6016.16
15491,9,2025-03-24,18,60,3634.15
15492,2,2025-03-25,18,119,7430.29
15493,5,2025-03-26,19,84,5743.49
15767,2,2025-03-03,16,67,4117.94
15768,7,2025-03-03,16,71,4521.13
15769,3,2025-03-07,9,73,4482.96
15770,9,2025-03-07,14,64,3798.97
15771,6,2025-03-10,18,43,2340.36
15772,9,2025-03-11,14,56,3727.24
15773,2,2025-03-14,13,158,10025.36
15774,8,2025-03-14,15,44,2849.65
15775,4,2025-03-17,18,97,5887.46
15776,9,2025-03-17,11,60,4158.28
15777,4,2025-03-21,17,115,7916.82
15778,6,2025-03-24,13,54,3200.49
15779,3,2025-03-26,15,88,5800.45
16037,4,2025-03-03,11,51,3373.41
16038,5,2025-03-03,15,37,2148.58
16039,3,2025-03-05,17,129,8851.02
16040,2,2025-03-12,18,174,11724.81
16041,6,2025-03-17,19,41,3191.11
16042,4,2025-03-18,13,106,6769.79
16043,5,2025-03-21,18,83,5514.06
16044,2,2025-03-24,13,88,5645.56
16045,2,2025-03-24,19,48,3349.00
16046,5,2025-03-25,19,49,2983.00
16047,2,2025-03-26,15,134,8950.92
16048,4,2025-03-26,10,77,5128.98
16049,8,2025-03-31,14,33,2192.93
16323,3,2025-03-05,19,82,5170.69
16324,5,2025-03-05,11,61,4342.30
16325,1,2025-03-06,18,194,13013.50
16326,4,2025-03-07,17,99,6547.39
16327,5,2025-03-11,16,72,4688.42
16328,4,2025-03-12,10,78,4817.20
16329,8,2025-03-17,18,65,4594.60
16330,3,2025-03-18,17,153,10158.82
16331,8,2025-03-18,14,46,3045.50
16332,9,2025-03-18,17,78,4741.98
16333,2,2025-03-25,14,64,4323.73
16334,5,2025-03-28,18,65,4128.83
16612,1,2025-03-17,11,60,4059.91
16613,1,2025-03-21,13,183,11678.16
16614,8,2025-03-25,17,61,4044.69
16615,4,2025-03-28,13,101,5997.88
16616,5,2025-03-28,12,48,3262.91
16883,7,2025-03-03,18,83,5404.84
16884,2,2025-03-04,18,95,5710.95
16885,9,2025-03-10,11,39,2546.71
16886,9,2025-03-13,18,105,6435.18
16887,10,2025-03-17,19,33,1984.07
16888,5,2025-03-19,9,23,1367.30
16889,4,2025-03-24,13,81,5395.68
16890,9,2025-03-24,10,45,3007.27
16891,3,2025-03-25,14,76,5285.51
16892,10,2025-03-27,19,36,2314.25
17171,8,2025-03-06,18,49,2894.24
17172,1,2025-03-10,14,100,6840.40
17173,8,2025-03-10,10,33,1891.84
17174,2,2025-03-12,11,66,3978.93
17175,7,2025-03-12,18,146,9208.87
17176,10,2025-03-12,19,60,3500.40
17177,5,2025-03-13,17,64,4346.68
17178,1,2025-03-27,13,222,15457.01
17179,2,2025-03-27,17,134,8599.89
17440,1,2025-03-03,10,92,5399.38
17441,10,2025-03-06,17,55,3269.06
17442,10,2025-03-06,19,40,2657.13
17443,2,2025-03-13,11,103,6930.88
17444,5,2025-03-13,19,57,3957.09
17445,8,2025-03-20,17,86,5953.26
17446,1,2025-03-24,11,116,7878.74
17720,1,2025-03-04,19,128,8836.32
17721,2,2025-03-05,16,122,7155.08
17722,5,2025-03-10,14,35,2027.01
17723,1,2025-03-11,12,135,8523.80
17724,4,2025-03-13,14,89,5981.69
17725,2,2025-03-14,18,112,7215.43
17726,2,2025-03-18,19,82,5186.83
17727,8,2025-03-19,10,58,3967.44
17728,2,2025-03-24,17,119,7610.14
17729,5,2025-03-24,15,51,3012.38
17730,7,2025-03-26,15,68,4179.86
17731,5,2025-03-28,13,101,6430.97
18015,1,2025-03-04,10,108,7036.19
18016,4,2025-03-06,13,95,6100.98
18017,2,2025-03-07,19,143,9348.19
18018,1,2025-03-11,15,121,8033.50
18019,5,2025-03-12,10,40,2624.25
18020,7,2025-03-13,11,77,5085.75
18021,9,2025-03-17,17,69,4649.33
18022,5,2025-03-25,10,42,2731.38
18023,10,2025-03-25,18,61,3652.31
18024,8,2025-03-26,14,45,2911.30
18025,4,2025-03-31,15,54,3250.56
18296,6,2025-03-03,11,27,1623.33
18297,2,2025-03-04,17,118,7357.99
18298,9,2025-03-05,16,72,4794.11
18299,10,2025-03-05,9,19,1124.04
18300,3,2025-03-07,18,185,12456.34
18301,6,2025-03-17,17,39,2666.33
18302,9,2025-03-20,16,47,3287.66
18303,10,2025-03-20,19,37,2607.46
18579,7,2025-03-05,18,121,7575.73
18580,9,2025-03-13,9,30,1954.37
18581,9,2025-03-13,11,54,3824.42
18582,10,2025-03-14,9,21,1163.28
18583,1,2025-03-21,19,201,12898.39
18584,3,2025-03-24,10,82,4988.97
18585,3,2025-03-24,13,133,9118.53
18586,3,2025-03-31,13,119,7961.29
18587,4,2025-03-31,11,66,4062.95
18588,6,2025-03-31,13,44,2712.79
18589,9,2025-03-31,13,50,2950.78
18866,5,2025-03-10,12,55,3727.89
18867,2,2025-03-13,13,108,6979.65
18868,7,2025-03-21,14,81,4985.64
18869,8,2025-03-21,13,85,5338.63
18870,1,2025-03-24,13,188,12132.07
18871,9,2025-03-26,12,100,6274.21
18872,1,2025-03-28,13,229,15630.10
18873,4,2025-03-28,16,117,7408.73
18874,1,2025-03-31,17,162,10620.03
19137,9,2025-03-04,13,86,5859.99
19138,8,2025-03-05,11,40,2419.77
19139,9,2025-03-07,17,106,6506.83
19140,4,2025-03-10,10,50,3098.44
19141,4,2025-03-10,18,99,6277.89
19142,10,2025-03-26,16,41,2878.69
19143,6,2025-03-28,13,88,5731.48
19144,10,2025-03-28,13,66,4236.88
19145,2,2025-03-31,12,107,7018.58
19383,8,2025-03-05,17,57,3840.84
19384,1,2025-03-07,18,195,13231.68
19385,8,2025-03-07,12,76,5138.03
19386,1,2025-03-13,17,159,10988.86
19387,7,2025-03-17,18,78,4864.08
19388,2,2025-03-19,19,108,7000.17
19389,7,2025-03-19,12,83,5394.14
19390,10,2025-03-20,9,15,1018.83
19656,1,2025-03-04,9,70,4225.97
19657,5,2025-03-06,10,32,1958.89
19658,1,2025-03-07,16,125,8262.77
19659,2,2025-03-10,18,67,4048.93
19660,3,2025-03-12,15,104,6904.89
19661,5,2025-03-13,18,100,6429.24
19662,5,2025-03-14,12,70,4212.62
19663,8,2025-03-20,19,50,3119.00
19664,4,2025-03-24,9,27,1922.27
19665,10,2025-03-24,17,28,1976.45
19666,10,2025-03-27,15,22,1383.01
19667,1,2025-03-28,9,40,2838.62
19668,4,2025-03-28,18,142,9020.37
19940,4,2025-03-03,13,99,6647.16
19941,9,2025-03-03,19,66,4276.28
19942,8,2025-03-04,11,60,4372.21
19943,5,2025-03-06,12,70,4635.30
19944,5,2025-03-06,13,88,5933.49
19945,8,2025-03-07,9,25,1615.90
19946,8,2025-03-10,15,47,3595.21
19947,10,2025-03-10,10,23,1350.15
19948,6,2025-03-11,12,73,4924.31
19949,3,2025-03-17,10,60,3390.82
19950,4,2025-03-17,11,72,4507.37
19951,7,2025-03-17,16,48,2836.90
19952,10,2025-03-18,14,28,1957.00
19953,3,2025-03-19,18,187,11652.77
19954,5,2025-03-20,13,101,6690.58
19955,7,2025-03-20,10,52,3720.01
19956,7,2025-03-20,13,110,7168.00
19957,4,2025-03-24,12,54,3508.78
19958,1,2025-03-25,11,132,8405.38
19959,2,2025-03-26,9,47,2694.34
19960,9,2025-03-26,11,60,4592.58
20218,3,2025-03-12,18,113,7744.08
20219,7,2025-03-14,16,67,3853.01
20220,5,2025-03-17,19,55,3738.49
20221,9,2025-03-18,18,96,6199.34
20222,10,2025-03-20,11,30,1773.89
20223,1,2025-03-26,19,141,8831.98
20224,6,2025-03-26,13,108,6419.36
20225,8,2025-03-26,11,56,3908.98
20226,8,2025-03-26,18,60,3788.03
20227,7,2025-03-28,16,80,4887.89
20228,8,2025-03-31,15,38,2197.11
20488,6,2025-03-11,19,40,3064.74
20489,7,2025-03-12,16,76,5428.79
20490,8,2025-03-12,11,52,3635.63
20491,7,2025-03-14,11,51,3336.23
20492,4,2025-03-17,14,36,2073.93
20493,6,2025-03-25,18,55,3933.07
20494,3,2025-03-26,17,168,11243.71
20495,8,2025-03-27,14,31,2003.62
20496,7,2025-03-28,9,24,1516.66
20497,10,2025-03-31,10,22,1567.38
20764,10,2025-03-03,9,11,658.24
20765,1,2025-03-06,13,181,11171.94
20766,8,2025-03-11,10,38,2391.05
20767,4,2025-03-12,12,76,4782.10
20768,4,2025-03-26,18,119,7990.35
20769,6,2025-03-26,18,67,4137.02
20770,10,2025-03-28,15,40,2813.04
21036,4,2025-03-10,16,44,2468.37
21037,9,2025-03-18,12,85,5329.49
21038,8,2025-03-19,16,83,5548.80
21039,8,2025-03-19,17,66,4303.31
21040,9,2025-03-20,11,68,4458.58
21041,1,2025-03-24,18,97,6056.46
21042,6,2025-03-24,16,30,1945.24
21043,10,2025-03-26,15,42,2983.03
21044,4,2025-03-27,14,78,5174.18
21295,3,2025-03-10,17,116,6883.37
21296,7,2025-03-20,15,67,4060.56
21297,8,2025-03-20,14,40,2428.47
21298,6,2025-03-25,15,58,3344.44
21299,7,2025-03-25,14,51,3510.74
21544,2,2025-03-03,10,45,2570.08
21545,6,2025-03-05,16,67,3884.17
21546,10,2025-03-05,12,25,1379.89
21547,4,2025-03-06,19,63,4256.55
21548,9,2025-03-12,11,82,5204.53
21549,8,2025-03-13,14,63,3998.80
21550,9,2025-03-13,19,51,3172.59
21551,7,2025-03-18,18,126,7977.76
21552,9,2025-03-19,19,92,5709.18
21553,6,2025-03-20,15,48,3313.80
21554,2,2025-03-24,11,60,4265.71
21555,3,2025-03-24,14,69,4933.11
21556,5,2025-03-26,12,61,3749.45
21557,3,2025-03-27,14,88,5440.72
21558,9,2025-03-27,16,62,4145.72
21559,5,2025-03-31,16,36,2538.35
21803,3,2025-03-03,17,112,7561.88
21804,4,2025-03-04,17,129,8776.06
21805,3,2025-03-07,14,67,4158.34
21806,4,2025-03-07,16,110,7331.43
21807,8,2025-03-07,18,69,4224.45
21808,5,2025-03-10,17,72,5108.59
21809,9,2025-03-14,16,49,3154.53
21810,10,2025-03-18,13,35,2419.02
21811,1,2025-03-20,11,153,9803.68
21812,5,2025-03-20,14,36,2179.51
21813,1,2025-03-25,17,195,12482.17
21814,10,2025-03-25,16,29,2095.46
21815,6,2025-03-27,18,52,3054.81
21816,10,2025-03-28,9,17,1179.49
21817,10,2025-03-31,18,26,1913.68
22086,8,2025-03-04,12,57,3795.55
22087,10,2025-03-05,15,44,3234.42
22088,5,2025-03-07,17,101,6848.33
22089,4,2025-03-10,15,61,4384.45
22090,9,2025-03-10,14,60,3643.98
22091,9,2025-03-13,10,34,2207.64
22092,6,2025-03-19,10,50,3283.23
22093,2,2025-03-20,10,94,6260.47
22094,8,2025-03-20,15,51,2958.35
22095,7,2025-03-24,11,39,2656.37
22096,7,2025-03-24,16,43,2688.97
22097,3,2025-03-25,12,76,5161.71
22098,9,2025-03-26,14,48,3002.25
22099,3,2025-03-27,13,142,9250.75
22100,2,2025-03-31,16,91,5649.98
22382,1,2025-03-04,14,155,10536.06
22383,4,2025-03-04,15,54,3502.54
22384,6,2025-03-07,10,36,2494.56
22385,7,2025-03-10,17,48,3023.01
22386,1,2025-03-18,11,103,7099.39
22387,1,2025-03-18,13,143,9341.36
22388,2,2025-03-18,16,102,6426.85
22389,4,2025-03-19,16,61,3952.02
22390,7,2025-03-25,13,101,6880.68
22391,5,2025-03-31,18,71,4550.06
22642,7,2025-03-03,15,37,2322.75
22643,5,2025-03-04,15,50,3201.39
22644,6,2025-03-05,19,81,5193.34
22645,1,2025-03-10,11,70,4394.84
22646,2,2025-03-10,9,36,2514.34
22647,2,2025-03-11,18,117,7821.12
22648,4,2025-03-11,11,52,4060.28
22649,4,2025-03-12,16,63,4509.92
22650,2,2025-03-14,14,88,5574.62
22651,6,2025-03-14,17,74,4792.19
22652,1,2025-03-19,18,165,10506.57
22653,10,2025-03-19,11,41,2579.87
22654,2,2025-03-20,12,97,5952.90
22655,4,2025-03-20,18,92,5677.82
22656,8,2025-03-26,10,54,3252.53
22657,4,2025-03-28,15,83,5178.15
22928,8,2025-03-04,14,61,3648.41
22929,1,2025-03-11,13,202,12633.85
22930,6,2025-03-11,16,56,3822.20
22931,9,2025-03-11,11,55,3828.93
22932,9,2025-03-21,16,84,6090.86
23197,7,2025-03-04,16,72,4587.58
23198,3,2025-03-06,16,72,4381.42
23199,9,2025-03-06,10,48,3311.95
23200,3,2025-03-07,16,97,6836.17
23201,3,2025-03-12,9,62,3861.07
23202,1,2025-03-13,10,102,6728.86
23203,5,2025-03-14,16,69,4785.80
23204,8,2025-03-14,18,101,5847.28
23205,3,2025-03-17,9,22,1345.10
23206,6,2025-03-18,9,21,1231.22
23207,1,2025-03-21,11,114,7021.37
23208,10,2025-03-25,15,38,2488.59
23209,2,2025-03-28,13,129,8656.46
23479,2,2025-03-03,17,106,6707.33
23480,8,2025-03-04,16,53,3280.83
23481,4,2025-03-06,10,73,4438.62
23482,6,2025-03-07,9,22,1341.01
23483,9,2025-03-10,12,58,3803.92
23484,7,2025-03-12,12,119,7699.97
23485,1,2025-03-13,19,136,8745.29
23486,3,2025-03-18,11,105,7004.73
23487,8,2025-03-20,10,34,2241.09
23488,9,2025-03-24,12,71,4676.97
23489,9,2025-03-27,15,43,2791.03
23490,5,2025-03-28,19,99,6321.49
23491,7,2025-03-28,12,71,4635.45
23736,4,2025-03-04,12,88,5601.93
23737,2,2025-03-06,10,77,5162.22
23738,3,2025-03-12,17,140,8714.01
23739,9,2025-03-18,10,40,2406.37
23740,9,2025-03-24,17,53,3506.11
23741,6,2025-03-25,13,73,4693.48
23977,6,2025-03-03,16,27,1789.67
23978,6,2025-03-04,13,42,2811.32
23979,10,2025-03-04,12,35,2314.41
23980,8,2025-03-07,15,49,3400.89
23981,2,2025-03-14,17,201,13616.48
23982,7,2025-03-18,19,81,5409.74
23983,5,2025-03-20,12,70,4246.70
23984,6,2025-03-24,12,52,2959.88
23985,10,2025-03-24,13,43,3258.70
24237,10,2025-03-03,16,24,1606.79
24238,3,2025-03-14,9,39,2418.72
24239,3,2025-03-20,11,80,5403.76
24240,2,2025-03-31,13,73,4692.70
24505,5,2025-03-03,16,45,2439.25
24506,2,2025-03-06,17,160,10680.94
24507,8,2025-03-11,14,38,2749.55
24508,9,2025-03-12,12,65,3910.55
24509,7,2025-03-14,14,59,3797.93
24510,4,2025-03-17,9,23,1511.61
24511,3,2025-03-19,12,118,7491.07
24512,4,2025-03-21,14,81,4977.63
24513,7,2025-03-25,9,31,2001.22
24761,6,2025-03-06,14,36,2237.21
24762,1,2025-03-12,11,198,12866.32
24763,2,2025-03-17,11,51,3246.82
24764,4,2025-03-18,18,87,5758.12
24765,1,2025-03-26,9,61,3886.63
24766,5,2025-03-27,18,89,5530.22
25024,1,2025-03-03,17,133,8186.02
25025,4,2025-03-04,9,28,2187.85
25026,4,2025-03-04,19,83,5294.91
25027,2,2025-03-05,18,160,10346.05
25028,1,2025-03-06,11,115,7791.90
25029,4,2025-03-07,9,44,2993.77
25030,1,2025-03-11,9,65,3995.53
25031,10,2025-03-17,11,26,1752.23
25032,1,2025-03-18,17,210,14198.35
25033,5,2025-03-18,10,39,2373.05
25034,4,2025-03-19,19,138,7800.62
25035,9,2025-03-24,19,58,4023.03
25319,7,2025-03-04,9,23,1425.50
25320,10,2025-03-06,13,36,2118.58
25321,9,2025-03-13,12,75,4482.04
25322,7,2025-03-14,10,67,4450.64
25323,5,2025-03-18,17,82,5431.67
25324,9,2025-03-18,19,48,3205.69
25325,2,2025-03-19,16,128,8272.28
25326,9,2025-03-19,9,35,2400.29
25327,2,2025-03-21,10,98,6212.99
25328,9,2025-03-26,19,79,5117.18
25329,8,2025-03-28,18,65,3699.52
25587,3,2025-03-03,15,52,3608.21
25588,4,2025-03-07,10,84,5049.27
25589,8,2025-03-11,15,36,2214.59
25590,3,2025-03-13,14,83,6028.83
25591,7,2025-03-14,19,80,5441.60
25592,8,2025-03-14,16,58,3414.58
25593,10,2025-03-27,9,19,1435.53
25594,2,2025-03-28,15,110,7117.62
25862,4,2025-03-05,12,109,7469.49
25863,5,2025-03-05,10,69,4615.07
25864,2,2025-03-06,12,78,5098.46
25865,10,2025-03-07,10,29,1856.29
25866,8,2025-03-13,10,27,1672.71
25867,9,2025-03-18,11,38,2515.24
25868,1,2025-03-19,16,164,10444.83
25869,7,2025-03-19,14,93,5703.82
25870,8,2025-03-19,15,56,3884.39
25871,2,2025-03-20,17,152,9802.51
25872,3,2025-03-21,12,144,9636.84
25873,2,2025-03-24,14,66,4402.39
25874,9,2025-03-24,13,67,4433.94
25875,3,2025-03-28,19,108,6665.94
26142,4,2025-03-03,9,36,2239.52
26143,3,2025-03-06,13,181,12099.37
26144,4,2025-03-11,12,87,5559.69
26145,8,2025-03-11,9,29,2099.04
26146,7,2025-03-13,12,54,3237.61
26147,8,2025-03-14,11,66,4448.07
26148,5,2025-03-17,10,31,1873.63
26149,2,2025-03-18,9,37,2116.97
26150,5,2025-03-24,11,50,2957.10
26151,5,2025-03-28,9,38,2825.07
26152,7,2025-03-31,15,48,3060.15
26427,10,2025-03-03,15,26,1734.53
26428,6,2025-03-05,9,28,1854.01
26429,5,2025-03-17,15,39,2476.70
26430,4,2025-03-25,9,47,2938.92
26431,5,2025-03-25,16,53,3073.20
26432,7,2025-03-26,17,135,8520.09
26433,5,2025-03-27,16,50,3448.99
26434,1,2025-03-31,10,82,5060.59
26435,3,2025-03-31,14,82,5496.07
26436,5,2025-03-31,9,17,1217.70
26437,9,2025-03-31,12,41,2844.58
26675,2,2025-03-05,14,140,9065.30
26676,7,2025-03-10,18,48,3511.46
26677,10,2025-03-10,12,26,1545.09
26678,4,2025-03-12,11,83,5520.14
26679,4,2025-03-19,17,152,9537.98
26680,7,2025-03-19,17,90,6317.86
26681,10,2025-03-20,17,65,4143.09
26682,7,2025-03-27,19,71,4521.37
26960,4,2025-03-03,10,40,2927.69
26961,7,2025-03-03,9,23,1721.74
26962,8,2025-03-07,11,66,4338.52
26963,2,2025-03-11,13,120,8116.57
26964,2,2025-03-11,14,81,5286.22
26965,5,2025-03-11,18,81,5306.47
26966,6,2025-03-12,13,73,4576.33
26967,2,2025-03-14,9,39,2538.41
26968,8,2025-03-14,19,53,3146.92
26969,1,2025-03-18,16,123,7819.77
26970,6,2025-03-20,10,54,3252.91
26971,8,2025-03-25,11,32,1909.02
26972,2,2025-03-26,17,134,8725.09
26973,2,2025-03-31,15,85,5055.85
27244,7,2025-03-05,10,64,4001.29
27245,2,2025-03-07,9,45,3152.79
27246,3,2025-03-07,17,166,11188.37
27247,3,2025-03-11,13,187,12491.89
27248,8,2025-03-12,10,62,3927.62
27249,7,2025-03-17,9,33,1860.84
27250,2,2025-03-19,10,97,6007.35
27251,6,2025-03-20,13,59,3925.48
27252,10,2025-03-21,12,44,2973.40
27253,5,2025-03-24,10,35,2348.64
27254,4,2025-03-25,18,101,6245.54
27527,2,2025-03-03,15,47,3344.09
27528,5,2025-03-07,16,60,3927.41
27529,9,2025-03-12,19,56,4206.23
27530,10,2025-03-12,12,35,2288.68
27531,4,2025-03-14,11,88,5782.92
27532,10,2025-03-17,16,25,1599.40
27533,7,2025-03-18,10,53,3563.97
27534,5,2025-03-19,15,80,5326.66
27535,10,2025-03-21,11,47,3002.24
27536,3,2025-03-26,14,90,5889.36
27537,6,2025-03-26,16,57,3959.13
27808,3,2025-03-04,13,168,10503.92
27809,7,2025-03-06,16,46,3044.55
27810,1,2025-03-13,13,263,17459.92
27811,7,2025-03-14,13,145,9741.89
27812,8,2025-03-14,10,37,1819.54
27813,6,2025-03-19,17,101,6234.14
27814,6,2025-03-19,18,84,5586.07
27815,6,2025-03-19,19,45,3108.07
27816,5,2025-03-20,17,75,5155.76
27817,2,2025-03-25,16,59,3866.41
27818,3,2025-03-27,15,88,5747.64
27819,5,2025-03-27,17,77,5492.54
27820,8,2025-03-28,16,69,3988.30
28090,6,2025-03-06,16,56,3666.97
28091,3,2025-03-12,12,94,5998.96
28092,7,2025-03-13,14,93,5979.17
28093,3,2025-03-14,16,89,5926.75
28094,6,2025-03-21,18,96,6153.25
28095,10,2025-03-26,19,39,2401.16
28096,1,2025-03-28,15,173,10760.58
28097,2,2025-03-28,9,69,4175.64
28098,1,2025-03-31,18,164,10790.09
28099,7,2025-03-31,16,32,2012.17
28371,1,2025-03-03,14,72,4639.57
28372,2,2025-03-03,13,72,4770.74
28373,4,2025-03-05,15,90,5600.25
28374,4,2025-03-05,18,105,6704.09
28375,9,2025-03-06,12,64,3596.02
28376,1,2025-03-07,10,118,7203.40
28377,6,2025-03-10,17,51,3079.21
28378,9,2025-03-11,17,65,4285.06
28379,9,2025-03-12,17,104,7288.79
28380,9,2025-03-14,12,86,5258.81
28381,9,2025-03-20,13,68,4356.99
28382,3,2025-03-21,16,132,9069.79
28383,10,2025-03-24,14,20,1454.93
28384,2,2025-03-27,11,76,4803.91
28385,7,2025-03-31,13,62,4029.75
28648,2,2025-03-04,9,42,2613.38
28649,6,2025-03-05,15,44,2814.77
28650,8,2025-03-12,13,111,7287.83
28651,9,2025-03-14,15,73,5045.69
28652,5,2025-03-18,16,61,3551.17
28653,3,2025-03-19,14,70,4685.84
28654,10,2025-03-20,12,46,3116.03
28655,1,2025-03-21,10,94,6193.45
28656,5,2025-03-24,16,45,3076.68
28657,5,2025-03-27,14,41,2658.84
28658,7,2025-03-27,14,62,4279.65
28659,3,2025-03-28,9,32,2095.48
28660,3,2025-03-28,18,116,7431.82
28921,7,2025-03-10,15,69,4290.38
28922,10,2025-03-12,18,43,2769.03
28923,7,2025-03-13,15,47,2957.02
28924,2,2025-03-17,9,37,2572.60
28925,7,2025-03-17,10,51,3539.53
28926,8,2025-03-17,13,36,2246.99
28927,6,2025-03-18,10,32,1638.67
28928,6,2025-03-18,12,51,3190.13
28929,1,2025-03-19,17,214,14045.15
28930,5,2025-03-19,10,62,3551.72
28931,8,2025-03-21,19,67,3647.81
28932,3,2025-03-25,18,113,7241.45
28933,7,2025-03-25,17,75,5483.45
29203,7,2025-03-05,19,131,8489.32
29204,9,2025-03-06,13,93,6436.06
29205,8,2025-03-10,18,51,3219.60
29206,10,2025-03-13,17,54,3189.20
29207,5,2025-03-17,9,13,979.85
29208,7,2025-03-17,19,46,3483.78
29209,4,2025-03-18,15,74,4240.55
29210,10,2025-03-19,12,42,2750.19
29211,9,2025-03-20,18,111,7137.33
29212,8,2025-03-21,16,47,3124.62
29213,3,2025-03-24,12,71,4665.27
29214,2,2025-03-25,10,53,3712.88
29215,4,2025-03-26,19,109,7204.52
29216,2,2025-03-27,13,88,5648.28
29217,8,2025-03-27,16,46,3179.19
29218,10,2025-03-27,16,19,1247.39
29219,4,2025-03-31,12,57,3528.14
29486,4,2025-03-04,14,49,2940.39
29487,6,2025-03-06,19,55,3369.57
29488,4,2025-03-11,9,20,1296.99
29489,7,2025-03-12,17,149,10089.20
29490,8,2025-03-12,14,46,2826.25
29491,10,2025-03-13,18,55,3484.29
29492,8,2025-03-18,9,20,1373.71
29493,8,2025-03-21,14,50,3315.50
29494,9,2025-03-21,15,69,4257.84
29495,6,2025-03-25,19,42,2584.33
29496,2,2025-03-28,10,81,4920.15
29756,5,2025-03-04,14,52,3565.61
29757,8,2025-03-05,14,36,2419.43
29758,10,2025-03-05,16,36,2711.88
29759,8,2025-03-07,13,76,5187.00
29760,3,2025-03-10,18,85,5154.18
29761,4,2025-03-10,17,103,6747.22
29762,8,2025-03-11,18,55,3575.17
29763,9,2025-03-12,10,52,3190.63
29764,4,2025-03-14,12,93,6449.49
29765,4,2025-03-19,13,118,7668.29
29766,3,2025-03-25,13,146,9816.98
30042,6,2025-03-03,18,39,2878.08
30043,5,2025-03-05,14,62,3791.88
30044,6,2025-03-05,17,101,6767.98
30045,7,2025-03-06,19,78,5022.17
30046,8,2025-03-06,17,68,4736.22
30047,10,2025-03-06,18,46,3007.27
30048,5,2025-03-07,12,68,4298.76
30049,1,2025-03-10,10,99,6276.89
30050,1,2025-03-11,18,131,8493.97
30051,7,2025-03-11,15,70,4452.51
30052,3,2025-03-12,10,83,5672.12
30053,5,2025-03-13,12,49,3210.05
30054,5,2025-03-17,16,51,3259.18
30055,5,2025-03-20,15,49,2967.79
30056,1,2025-03-21,15,135,8536.12
30057,2,2025-03-21,11,83,5901.23
30058,4,2025-03-24,18,104,6588.83
30059,2,2025-03-25,12,92,5697.83
30060,5,2025-03-25,13,62,4294.43
30061,10,2025-03-27,11,25,1760.87
30062,7,2025-03-28,17,114,7271.13
30354,6,2025-03-03,14,33,2473.61
30355,3,2025-03-06,18,124,7935.40
30356,10,2025-03-10,15,23,1604.39
30357,10,2025-03-11,13,57,3639.61
30358,9,2025-03-13,14,50,3534.84
30359,6,2025-03-17,14,46,2895.43
30360,8,2025-03-19,9,34,2487.93
30361,3,2025-03-26,10,103,6686.45
30362,6,2025-03-26,15,61,4237.08
30646,3,2025-03-04,11,71,4971.78
30647,10,2025-03-06,14,27,1919.60
30648,6,2025-03-07,17,91,5333.49
30649,1,2025-03-12,12,131,7834.51
30650,3,2025-03-12,16,157,9986.86
30651,7,2025-03-13,10,45,2700.79
30652,2,2025-03-17,18,94,6186.95
30653,10,2025-03-18,9,11,712.59
30654,2,2025-03-25,17,177,12264.09
30655,7,2025-03-25,16,87,5813.68
30656,2,2025-03-27,10,63,3682.48
30657,5,2025-03-28,15,66,4504.99
30658,7,2025-03-28,18,112,7470.98
30659,5,2025-03-31,14,42,2624.33
30660,8,2025-03-31,17,61,3927.72
30919,9,2025-03-04,11,50,2902.15
30920,6,2025-03-12,14,40,2743.12
30921,6,2025-03-12,18,54,3150.26
30922,4,2025-03-14,15,58,3255.18
30923,7,2025-03-14,9,38,2645.10
30924,7,2025-03-14,15,81,5666.51
30925,8,2025-03-18,15,50,3464.25
30926,2,2025-03-19,11,70,4680.09
30927,5,2025-03-19,13,111,6933.88
30928,3,2025-03-20,14,78,5487.15
30929,3,2025-03-24,17,112,7655.59
30930,7,2025-03-25,12,73,4838.20
30931,3,2025-03-31,18,90,5834.50
31181,4,2025-03-06,12,96,6396.91
31182,4,2025-03-10,11,39,2893.59
31183,5,2025-03-28,14,49,3002.79
31184,6,2025-03-28,18,85,5075.65
31447,8,2025-03-04,10,33,2056.83
31448,2,2025-03-07,10,56,3350.52
31449,2,2025-03-13,12,102,6625.53
31450,6,2025-03-13,17,70,4627.85
31451,3,2025-03-14,13,185,11937.01
31452,10,2025-03-17,13,42,2601.19
31453,4,2025-03-20,16,91,6106.65
31454,10,2025-03-24,16,26,1748.83
31455,3,2025-03-25,16,120,8137.97
31456,8,2025-03-26,12,80,5278.06
31716,1,2025-03-07,13,260,17525.60
31717,6,2025-03-10,15,40,2639.08
31718,9,2025-03-12,9,41,2925.31
31719,10,2025-03-13,19,32,2197.90
31720,1,2025-03-14,12,195,12104.91
31721,6,2025-03-14,19,65,4440.45
31722,10,2025-03-24,11,19,1193.12
31723,10,2025-03-27,18,44,2993.03
31724,3,2025-03-28,16,118,7441.18
31725,10,2025-03-28,12,34,2000.41
31726,9,2025-03-31,14,29,1991.19
32011,1,2025-03-04,17,232,15654.19
32012,6,2025-03-07,13,110,6943.55
32013,1,2025-03-12,13,136,9552.52
32014,9,2025-03-12,13,121,8035.25
32015,9,2025-03-14,19,87,5568.83
32016,10,2025-03-14,19,31,1551.89
32017,8,2025-03-17,11,33,2279.29
32018,1,2025-03-18,18,166,11421.74
32019,6,2025-03-18,14,42,2635.92
32020,7,2025-03-21,9,38,2415.02
32021,2,2025-03-24,16,51,3338.69
32022,3,2025-03-25,17,91,5725.21
32301,10,2025-03-04,16,30,2152.05
32302,3,2025-03-06,11,95,6052.62
32303,7,2025-03-07,13,97,5991.68
32304,1,2025-03-12,17,135,8663.16
32305,1,2025-03-20,15,108,7097.67
32306,7,2025-03-20,19,101,6303.87
32307,4,2025-03-21,11,63,3925.02
32308,3,2025-03-26,16,129,8772.37
32309,4,2025-03-26,11,90,5865.38
32310,3,2025-03-31,11,61,4342.66
32311,6,2025-03-31,19,59,4020.49
32581,10,2025-03-04,15,32,1841.28
32582,10,2025-03-04,19,44,3170.79
32583,9,2025-03-06,17,67,4085.76
32584,6,2025-03-14,14,67,4192.22
32585,10,2025-03-17,17,39,2538.43
32586,10,2025-03-19,16,47,3124.49
32587,8,2025-03-21,18,87,6100.14
32588,10,2025-03-24,10,21,1483.54
32589,9,2025-03-25,12,69,4165.62
32590,1,2025-03-26,11,161,11092.78
32591,1,2025-03-27,15,108,6871.17
32592,9,2025-03-27,13,85,5703.09
32593,4,2025-03-31,19,58,3593.67
32875,10,2025-03-03,17,45,3058.12
32876,6,2025-03-05,11,69,4216.93
32877,7,2025-03-07,9,34,2443.20
32878,7,2025-03-07,12,119,8459.55
32879,2,2025-03-11,17,143,9277.52
32880,2,2025-03-14,16,93,6553.53
32881,8,2025-03-20,16,31,2400.05
32882,1,2025-03-24,10,77,4767.43
32883,5,2025-03-26,17,68,4276.84
32884,2,2025-03-27,19,99,6154.79
33141,8,2025-03-06,14,40,2495.30
33142,8,2025-03-07,10,58,3642.48
33143,3,2025-03-10,13,91,6505.50
33144,9,2025-03-10,15,41,2822.62
33145,4,2025-03-13,16,92,5812.55
33146,10,2025-03-13,12,26,1697.37
33147,6,2025-03-14,15,43,2458.19
33148,8,2025-03-18,17,64,4309.37
33149,7,2025-03-20,14,85,5657.03
33150,5,2025-03-21,15,44,2880.70
33151,6,2025-03-21,13,53,3212.31
33152,1,2025-03-26,10,158,10207.26
33153,7,2025-03-26,18,140,9612.58
33154,6,2025-03-31,12,28,1841.45
33442,3,2025-03-04,15,71,4135.60
33443,8,2025-03-04,19,39,2590.68
33444,4,2025-03-10,12,53,3606.97
33445,7,2025-03-11,11,79,5018.81
33446,3,2025-03-12,19,171,11254.65
33447,6,2025-03-14,11,60,4004.73
33448,10,2025-03-17,18,40,2732.10
33449,4,2025-03-18,11,48,3427.95
33450,3,2025-03-26,19,146,10101.61
33451,9,2025-03-26,16,75,5189.39
33452,5,2025-03-31,12,72,4425.21
33707,6,2025-03-03,9,14,838.60
33708,9,2025-03-03,16,49,3312.69
33709,6,2025-03-05,18,102,7010.78
33710,3,2025-03-10,19,75,4393.10
33711,5,2025-03-10,9,14,777.99
33712,5,2025-03-11,9,28,2124.45
33713,5,2025-03-12,16,50,2987.81
33714,4,2025-03-13,15,52,3418.63
33715,3,2025-03-17,11,100,5950.13
33716,3,2025-03-19,15,78,5140.73
33717,5,2025-03-20,16,41,2209.53
33718,4,2025-03-26,13,96,6851.72
33719,5,2025-03-27,13,102,7062.21
33720,6,2025-03-27,11,43,2886.71
33721,10,2025-03-27,12,44,3049.88
33722,9,2025-03-28,17,115,7870.69
33723,10,2025-03-31,15,23,1739.86
33987,4,2025-03-03,12,43,2861.84
33988,8,2025-03-05,15,48,3034.39
33989,5,2025-03-06,16,54,4021.25
33990,6,2025-03-07,14,67,4343.36
33991,4,2025-03-19,18,120,7038.70
33992,8,2025-03-21,11,51,3040.59
33993,3,2025-03-25,10,93,5964.23
33994,9,2025-03-27,18,92,6725.56
34256,8,2025-03-03,11,44,2811.50
34257,3,2025-03-10,9,24,1676.28
34258,2,2025-03-11,9,39,2771.83
34259,4,2025-03-14,10,72,4417.91
34260,1,2025-03-20,19,143,9235.59
34261,7,2025-03-21,17,77,5055.57
34262,2,2025-03-26,14,79,5155.81
34263,10,2025-03-28,11,35,2415.00
34264,10,2025-03-28,16,28,2244.92
34515,4,2025-03-05,11,85,5289.69
34516,5,2025-03-06,15,34,2138.87
34517,3,2025-03-07,13,150,9383.38
34518,2,2025-03-11,11,58,3581.84
34519,4,2025-03-12,9,33,2145.23
34520,8,2025-03-13,12,53,3435.86
34521,1,2025-03-14,16,123,8178.77
34522,1,2025-03-17,14,55,3385.61
34523,1,2025-03-19,14,137,8669.93
34524,1,2025-03-25,16,96,6268.52
34525,7,2025-03-25,10,63,4135.24
34526,1,2025-03-27,12,89,5925.58
34527,2,2025-03-27,12,113,7622.31
34528,10,2025-03-31,9,14,968.83
34771,5,2025-03-03,18,56,3542.48
34772,9,2025-03-04,19,62,4024.01
34773,2,2025-03-05,17,184,11795.97
34774,3,2025-03-05,11,138,9381.75
34775,10,2025-03-05,14,39,2415.26
34776,4,2025-03-07,15,97,6518.51
34777,7,2025-03-11,17,102,6738.79
34778,10,2025-03-14,15,44,2806.90
34779,4,2025-03-20,9,35,2298.35
34780,10,2025-03-25,19,30,2075.18
34781,5,2025-03-26,9,37,2292.28
34782,6,2025-03-31,11,25,1516.58
34783,9,2025-03-31,19,51,3220.00
35039,3,2025-03-04,14,75,5368.67
35040,1,2025-03-06,19,138,8830.71
35041,9,2025-03-11,13,106,7371.23
35042,1,2025-03-12,15,172,11842.69
35043,2,2025-03-12,19,152,9800.12
35044,4,2025-03-12,14,71,4739.99
35045,2,2025-03-17,19,82,4704.73
35046,3,2025-03-17,14,65,4159.68
35047,2,2025-03-18,15,87,5521.76
35048,7,2025-03-19,13,138,9370.93
35049,7,2025-03-19,15,88,5447.34
35050,10,2025-03-19,19,59,3834.32
35051,9,2025-03-20,14,56,4230.91
35052,7,2025-03-27,13,96,6330.03
35053,8,2025-03-27,11,41,2795.29
35054,10,2025-03-27,13,49,3209.96
35329,5,2025-03-03,13,68,4460.67
35330,10,2025-03-06,15,34,2370.48
35331,10,2025-03-07,11,26,1692.41
35332,7,2025-03-11,18,122,7566.62
35333,5,2025-03-19,18,95,6257.97
35334,5,2025-03-24,19,36,2389.81
35335,8,2025-03-27,15,45,3115.98
35336,1,2025-03-28,11,96,6111.70
35337,8,2025-03-28,13,59,3957.68
35602,5,2025-03-03,14,48,3494.34
35603,1,2025-03-04,15,142,9462.13
35604,5,2025-03-05,16,66,4242.39
35605,4,2025-03-06,14,75,5072.40
35606,7,2025-03-06,11,65,4465.02
35607,7,2025-03-07,15,95,6459.58
35608,3,2025-03-11,9,27,1479.93
35609,1,2025-03-17,18,131,8994.33
35610,7,2025-03-21,11,67,4085.19
35611,5,2025-03-27,12,69,4899.65
35909,7,2025-03-04,10,81,4915.91
35910,2,2025-03-05,10,111,7453.15
35911,8,2025-03-05,16,77,5242.83
35912,5,2025-03-18,15,57,3814.20
35913,8,2025-03-18,16,57,3784.42
35914,1,2025-03-20,10,108,6578.82
35915,9,2025-03-20,9,33,2034.07
35916,2,2025-03-21,17,117,7343.21
35917,8,2025-03-24,13,81,4882.22
35918,6,2025-03-27,16,54,3250.54
35919,9,2025-03-27,10,47,2951.09
36150,4,2025-03-03,19,61,3867.66
36151,9,2025-03-06,18,79,5707.94
36152,3,2025-03-13,15,83,4913.65
36153,10,2025-03-13,9,14,1014.63
36154,5,2025-03-17,11,33,2059.52
36155,2,2025-03-19,9,41,2592.00
36156,4,2025-03-19,14,117,7835.58
36157,3,2025-03-20,16,112,8109.99
36158,3,2025-03-24,15,85,5930.12
36159,1,2025-03-26,12,115,7197.08
36448,2,2025-03-03,12,111,7262.06
36449,1,2025-03-06,10,109,7227.94
36450,8,2025-03-10,19,44,2786.58
36451,5,2025-03-17,13,74,4368.40
36452,3,2025-03-19,19,84,5618.53
36453,10,2025-03-19,14,27,1414.68
36454,6,2025-03-21,17,70,4309.47
36455,10,2025-03-25,9,19,965.57
36456,2,2025-03-28,11,120,7366.62
36725,3,2025-03-04,18,120,8274.67
36726,5,2025-03-05,12,46,2826.98
36727,10,2025-03-05,19,47,2740.08
36728,4,2025-03-06,16,41,2342.90
36729,9,2025-03-06,16,51,3156.24
36730,3,2025-03-07,19,139,9096.79
36731,2,2025-03-11,19,126,8443.79
36732,8,2025-03-11,13,59,3570.64
36733,8,2025-03-17,10,24,1610.63
36734,1,2025-03-21,17,167,11622.60
36735,1,2025-03-26,16,115,8327.17
36736,7,2025-03-27,17,140,9231.51
36737,9,2025-03-28,14,75,4756.39
36738,7,2025-03-31,9,20,1113.03
36739,8,2025-03-31,13,49,3181.72
36991,2,2025-03-03,14,73,3899.12
36992,8,2025-03-03,15,46,2771.37
36993,5,2025-03-04,9,29,2234.24
36994,2,2025-03-07,11,145,9280.86
36995,1,2025-03-11,11,146,9376.80
36996,10,2025-03-11,14,22,1344.25
36997,2,2025-03-12,9,31,2285.47
36998,3,2025-03-17,17,103,6530.56
36999,8,2025-03-24,19,63,4469.77
37000,1,2025-03-26,13,204,12843.41
37001,9,2025-03-31,11,33,2329.51
37254,3,2025-03-03,9,31,1853.90
37255,10,2025-03-05,11,28,1688.47
37256,9,2025-03-10,16,55,3398.19
37257,2,2025-03-11,12,122,7193.76
37258,1,2025-03-13,16,127,8874.65
37259,3,2025-03-13,12,84,5013.21
37260,9,2025-03-13,17,83,5243.09
37261,1,2025-03-14,11,97,6504.74
37262,4,2025-03-18,19,75,4992.51
37263,3,2025-03-19,13,196,12640.09
37264,6,2025-03-19,11,69,4936.37
37265,2,2025-03-21,19,153,9754.22
37266,5,2025-03-24,9,18,1025.73
37267,5,2025-03-25,11,42,2637.21
37529,8,2025-03-07,19,45,2662.58
37530,3,2025-03-11,14,70,4648.58
37531,6,2025-03-11,15,46,3159.98
37532,8,2025-03-14,13,68,4519.88
37533,4,2025-03-18,14,86,5831.10
37534,7,2025-03-18,12,83,5224.05
37535,2,2025-03-20,18,156,10247.62
37536,3,2025-03-20,19,112,7692.91
37537,5,2025-03-20,10,34,2138.18
37538,4,2025-03-21,10,51,3325.34
37539,5,2025-03-21,16,88,6580.95
37540,10,2025-03-21,16,40,2365.39
37541,10,2025-03-31,13,47,3201.38
37792,6,2025-03-03,17,47,3218.02
37793,8,2025-03-03,12,41,2426.59
37794,9,2025-03-03,10,29,1861.59
37795,3,2025-03-04,12,123,7676.77
37796,7,2025-03-07,18,91,6301.43
37797,2,2025-03-10,17,87,5462.87
37798,9,2025-03-10,13,38,2140.94
37799,9,2025-03-11,18,67,4336.17
37800,5,2025-03-14,19,65,4111.56
37801,2,2025-03-20,11,114,7824.49
37802,2,2025-03-21,9,55,3414.72
37803,7,2025-03-21,19,72,4942.81
37804,5,2025-03-25,12,54,3322.26
38088,9,2025-03-04,10,34,2240.30
38089,10,2025-03-05,18,42,2592.42
38090,3,2025-03-11,15,89,5579.35
38091,10,2025-03-13,14,41,2258.78
38092,5,2025-03-18,14,39,2245.26
38093,1,2025-03-20,9,74,4605.93
38094,7,2025-03-21,10,53,3699.39
38095,4,2025-03-25,15,74,4669.13
38096,6,2025-03-26,9,19,1389.09
38097,3,2025-03-27,16,57,3711.84
38357,2,2025-03-03,18,73,4549.02
38358,6,2025-03-04,12,43,3094.70
38359,10,2025-03-12,14,31,2224.01
38360,6,2025-03-19,13,104,6994.38
38361,6,2025-03-20,14,36,2201.13
38362,4,2025-03-27,9,31,2158.24
38608,9,2025-03-04,14,61,4010.98
38609,4,2025-03-05,9,32,2050.56
38610,2,2025-03-06,15,69,4528.34
38611,5,2025-03-10,13,62,3794.00
38612,5,2025-03-11,17,77,5218.30
38613,4,2025-03-12,19,101,6592.71
38614,1,2025-03-18,9,63,4078.27
38615,5,2025-03-20,11,55,3419.43
38616,5,2025-03-21,13,108,6669.77
38617,8,2025-03-21,12,54,3342.18
38618,8,2025-03-21,15,50,3158.25
38619,3,2025-03-24,16,94,5761.45
38620,10,2025-03-24,18,37,2503.93
38621,1,2025-03-25,10,66,3666.84
38622,7,2025-03-26,11,77,5217.33
38623,6,2025-03-28,12,56,3515.30
38624,7,2025-03-28,15,55,3204.89
38870,8,2025-03-06,15,51,3613.55
38871,1,2025-03-10,9,53,3202.55
38872,4,2025-03-13,19,94,6149.47
38873,9,2025-03-19,17,90,5665.75
38874,10,2025-03-20,16,29,1755.46
38875,3,2025-03-21,13,111,7139.29
38876,8,2025-03-26,17,78,5342.39
38877,10,2025-03-26,12,51,3510.40
39121,10,2025-03-03,12,21,1396.09
39122,2,2025-03-05,11,88,5384.58
39123,5,2025-03-24,18,94,6410.57
39124,7,2025-03-24,13,96,5852.43
39125,8,2025-03-26,19,81,5412.77
39126,9,2025-03-27,17,78,4899.76
39127,4,2025-03-28,10,75,4633.93
39128,8,2025-03-28,15,60,3618.92
39405,7,2025-03-05,11,53,3154.75
39406,4,2025-03-07,18,115,7277.30
39407,9,2025-03-07,18,91,6540.52
39408,2,2025-03-11,10,81,5259.97
39409,8,2025-03-11,19,41,2803.19
39410,5,2025-03-12,19,89,5270.65
39411,1,2025-03-14,17,235,14762.21
39412,2,2025-03-17,17,78,5348.94
39413,9,2025-03-17,19,31,1900.37
39414,8,2025-03-20,12,59,3484.80
39415,10,2025-03-21,18,76,5595.85
39416,6,2025-03-25,17,56,3535.80
39417,2,2025-03-27,9,45,3194.66
39674,1,2025-03-03,11,72,4948.57
39675,9,2025-03-04,17,69,4210.11
39676,2,2025-03-06,16,99,6135.40
39677,6,2025-03-06,12,40,2201.53
39678,7,2025-03-06,14,89,5870.58
39679,5,2025-03-07,19,59,3947.26
39680,7,2025-03-10,13,55,3761.85
39681,8,2025-03-13,9,27,1698.69
39682,7,2025-03-18,17,73,5143.72
39683,6,2025-03-19,16,41,2585.84
39684,3,2025-03-24,19,104,6463.72
39685,8,2025-03-27,9,29,1897.22
39686,1,2025-03-28,16,165,11371.99
39687,3,2025-03-28,17,140,9399.06
39932,7,2025-03-03,11,36,2283.26
39933,9,2025-03-05,9,33,2142.85
39934,2,2025-03-19,17,184,12220.31
39935,4,2025-03-20,19,64,3949.67
39936,9,2025-03-21,18,91,5830.35
39937,4,2025-03-25,17,120,7669.19
39938,9,2025-03-27,19,94,6390.67
39939,1,2025-03-28,19,154,9649.98
40211,5,2025-03-03,17,46,2995.62
40212,4,2025-03-05,19,83,5183.80
40213,7,2025-03-10,19,40,2121.91
40214,2,2025-03-12,10,93,6281.45
40215,4,2025-03-12,18,107,6865.88
40216,4,2025-03-13,13,115,7755.34
40217,4,2025-03-13,17,96,6149.42
40218,8,2025-03-13,16,30,2116.63
40219,6,2025-03-27,10,39,2370.17
40220,10,2025-03-27,10,25,1537.81
40475,9,2025-03-05,11,50,3324.23
40476,2,2025-03-07,12,110,7224.07
40477,2,2025-03-13,9,27,1568.43
40478,4,2025-03-13,11,86,5610.44
40479,9,2025-03-14,13,123,7378.63
40480,6,2025-03-20,19,37,2257.27
40481,4,2025-03-24,19,55,3789.19
40482,6,2025-03-25,9,23,1300.96
40483,5,2025-03-26,10,69,4565.71
40484,4,2025-03-27,16,75,4885.43
40485,8,2025-03-31,16,40,2923.68
40486,8,2025-03-31,19,37,2401.97
40487,9,2025-03-31,16,53,3494.67
40730,3,2025-03-06,14,117,7935.13
40731,5,2025-03-11,15,38,2072.10
40732,7,2025-03-20,16,68,4482.25
40733,7,2025-03-26,9,48,3003.67
40734,9,2025-03-27,11,57,3632.42
40735,10,2025-03-31,11,26,1540.92
41000,4,2025-03-06,11,87,6125.16
41001,6,2025-03-13,9,27,1209.09
41002,1,2025-03-17,16,109,7458.40
41003,5,2025-03-18,9,25,1819.31
41004,3,2025-03-19,16,83,5542.65
41005,10,2025-03-20,13,33,2299.72
41006,10,2025-03-20,15,25,1704.05
41007,9,2025-03-21,19,63,3849.22
41008,3,2025-03-27,17,141,8884.14
41009,8,2025-03-27,17,52,3304.83
41010,1,2025-03-28,17,291,18742.06
41011,9,2025-03-28,9,25,1503.54
41274,2,2025-03-07,16,71,4161.24
41275,6,2025-03-07,11,50,3275.45
41276,6,2025-03-12,10,46,2802.25
41277,3,2025-03-14,10,116,7776.76
41278,4,2025-03-14,16,72,4593.26
41279,4,2025-03-17,13,54,3382.16
41280,4,2025-03-20,11,53,3438.12
41281,10,2025-03-20,14,32,2007.61
41282,3,2025-03-21,18,144,9033.93
41568,10,2025-03-04,17,42,2758.51
41569,9,2025-03-05,13,123,8526.22
41570,5,2025-03-06,9,27,1617.46
41571,8,2025-03-07,14,42,2771.43
41572,9,2025-03-07,13,120,8189.57
41573,3,2025-03-11,10,96,6477.68
41574,2,2025-03-12,15,100,6494.25
41575,7,2025-03-12,9,32,2102.54
41576,1,2025-03-13,12,113,7530.83
41577,7,2025-03-17,14,38,1998.52
41578,3,2025-03-19,11,123,7642.07
41579,4,2025-03-26,17,97,6292.55
41580,3,2025-03-27,18,149,9402.96
41581,9,2025-03-27,14,76,5084.60
41582,3,2025-03-31,15,83,5257.32
41843,7,2025-03-06,10,40,2760.44
41844,10,2025-03-13,16,36,2239.79
41845,7,2025-03-18,14,48,2876.22
41846,6,2025-03-21,15,52,3596.34
41847,9,2025-03-21,12,55,3621.10
41848,2,2025-03-25,13,121,7957.80
41849,8,2025-03-26,9,20,1129.90
41850,10,2025-03-26,17,35,2212.13
41851,7,2025-03-31,11,71,4919.96
42132,6,2025-03-03,12,48,2583.31
42133,1,2025-03-04,13,185,12160.07
42134,4,2025-03-04,18,133,7960.57
42135,4,2025-03-05,10,76,5179.98
42136,3,2025-03-07,11,106,7266.14
42137,10,2025-03-10,9,8,393.04
42138,3,2025-03-11,12,97,6119.02
42139,7,2025-03-11,14,59,3691.26
42140,4,2025-03-13,18,102,6576.59
42141,10,2025-03-17,9,14,1115.23
42142,1,2025-03-20,17,178,12271.83
42143,7,2025-03-20,17,94,6208.48
42144,1,2025-03-25,9,64,4822.76
42145,4,2025-03-25,10,44,3121.04
42146,9,2025-03-27,12,77,4854.20
42409,2,2025-03-03,11,74,4931.42
42410,3,2025-03-03,12,67,4273.46
42411,1,2025-03-05,10,113,7482.93
42412,1,2025-03-06,15,84,5373.73
42413,2,2025-03-07,17,157,10425.72
42414,4,2025-03-13,12,90,6147.85
42415,5,2025-03-18,19,81,5813.41
42416,10,2025-03-28,19,42,2635.56
42417,4,2025-03-31,10,54,3532.02
42699,2,2025-03-04,14,75,5045.96
42700,9,2025-03-05,18,75,4639.15
42701,1,2025-03-13,15,93,6120.11
42702,8,2025-03-24,17,40,2704.21
42703,4,2025-03-26,16,55,3630.47
42976,1,2025-03-05,15,196,12797.08
42977,9,2025-03-06,15,64,4158.81
42978,1,2025-03-10,18,111,7148.49
42979,5,2025-03-11,11,58,3452.97
42980,10,2025-03-12,17,73,4548.63
42981,4,2025-03-17,12,50,2988.47
42982,8,2025-03-21,10,60,3961.75
42983,6,2025-03-24,11,40,2547.88
42984,4,2025-03-25,12,98,6187.76
42985,8,2025-03-25,12,55,3326.55
42986,4,2025-03-28,12,126,8162.89
43253,10,2025-03-03,19,19,1316.75
43254,9,2025-03-07,11,45,3187.68
43255,10,2025-03-10,13,50,3289.08
43256,10,2025-03-11,12,25,1588.95
43257,5,2025-03-12,15,67,4425.76
43258,4,2025-03-14,13,149,10578.94
43259,6,2025-03-17,16,30,2053.45
43260,4,2025-03-20,17,120,8199.07
43261,10,2025-03-21,17,43,2656.15
43262,5,2025-03-26,13,95,5935.10
43263,9,2025-03-26,10,39,2468.30
43264,2,2025-03-27,14,101,6739.88
43521,6,2025-03-05,12,50,3420.79
43522,9,2025-03-07,15,66,4028.49
43523,6,2025-03-10,11,40,2456.90
43524,1,2025-03-20,14,101,7123.05
43525,1,2025-03-24,14,96,6034.28
43526,1,2025-03-25,12,171,11494.12
43527,2,2025-03-25,9,47,3071.95
43528,10,2025-03-26,10,28,1960.83
43529,6,2025-03-28,10,56,3924.08
43783,2,2025-03-04,10,56,3930.60
43784,5,2025-03-06,11,64,4121.50
43785,8,2025-03-06,16,41,2746.27
43786,7,2025-03-07,14,61,3911.97
43787,9,2025-03-13,15,71,4661.13
43788,6,2025-03-17,11,40,2650.12
43789,3,2025-03-18,19,124,7840.84
43790,8,2025-03-18,19,58,3868.43
43791,10,2025-03-20,10,33,2236.84
43792,7,2025-03-24,14,76,4332.46
43793,4,2025-03-25,16,73,4736.59
44050,6,2025-03-03,15,34,2164.53
44051,2,2025-03-04,16,73,4853.04
44052,1,2025-03-12,10,109,6755.93
44053,5,2025-03-12,17,98,6649.06
44054,4,2025-03-19,9,34,2062.90
44055,7,2025-03-19,16,86,5222.78
44056,10,2025-03-19,13,49,3271.01
44057,4,2025-03-25,19,62,4556.94
44058,2,2025-03-31,19,53,3611.57
44339,8,2025-03-03,19,48,3163.49
44340,3,2025-03-05,13,209,13583.15
44341,8,2025-03-06,13,49,3729.15
44342,1,2025-03-07,15,106,6479.61
44343,4,2025-03-07,19,75,5059.91
44344,7,2025-03-10,9,16,1009.75
44345,3,2025-03-13,10,51,3219.35
44346,6,2025-03-13,10,27,1793.92
44347,6,2025-03-19,9,21,1365.41
44612,9,2025-03-04,18,112,7418.04
44613,6,2025-03-10,19,32,1995.59
44614,3,2025-03-11,11,80,5016.45
44615,7,2025-03-13,16,71,4720.70
44616,1,2025-03-18,15,117,7007.56
44617,10,2025-03-21,19,37,2220.54
44618,9,2025-03-31,17,60,4166.73
44894,5,2025-03-07,11,71,4967.82
44895,8,2025-03-10,17,36,2244.37
44896,7,2025-03-13,9,43,2713.76
44897,2,2025-03-19,12,116,7283.91
44898,2,2025-03-21,13,120,7419.00
44899,1,2025-03-24,15,69,4171.28
44900,1,2025-03-27,10,102,6343.58
44901,9,2025-03-28,18,105,6905.13
44902,4,2025-03-31,9,25,1650.23
45160,5,2025-03-05,17,105,6526.47
45161,5,2025-03-06,17,89,6024.18
45162,5,2025-03-07,18,74,4601.13
45163,3,2025-03-14,19,104,6865.52
45164,10,2025-03-17,12,26,2017.29
45165,3,2025-03-21,9,55,3519.36
45166,10,2025-03-21,9,24,1621.34
45167,2,2025-03-28,17,141,8813.76
45168,7,2025-03-28,13,105,6601.18
45430,6,2025-03-04,16,63,4053.02
45431,7,2025-03-07,16,69,4445.68
45432,2,2025-03-12,17,174,11028.37
45433,5,2025-03-13,14,63,4202.13
45434,6,2025-03-19,12,88,5295.37
45435,4,2025-03-20,14,76,4972.79
45436,3,2025-03-26,12,135,8527.62
45720,5,2025-03-03,10,42,2849.00
45721,9,2025-03-03,9,27,1749.90
45722,10,2025-03-05,17,56,3595.79
45723,1,2025-03-10,13,133,8471.39
45724,3,2025-03-10,14,70,5162.02
45725,1,2025-03-12,14,104,7481.88
45726,2,2025-03-13,16,93,6113.50
45727,6,2025-03-18,18,93,6276.58
45728,8,2025-03-25,14,37,2475.30
45729,5,2025-03-28,11,61,3284.86
45730,1,2025-03-31,13,144,9793.90
45731,1,2025-03-31,16,99,6515.04
45732,6,2025-03-31,15,43,3063.79
46009,2,2025-03-06,18,101,6596.32
46010,7,2025-03-06,13,119,8083.37
46011,4,2025-03-17,15,43,2659.19
46012,9,2025-03-17,13,77,5066.45
46013,9,2025-03-17,14,37,2824.74
46014,9,2025-03-21,13,79,5568.90
46015,1,2025-03-25,18,180,11537.23
46016,8,2025-03-25,15,55,3344.06
46017,8,2025-03-28,14,49,2756.50
46018,4,2025-03-31,16,54,3641.11
46284,5,2025-03-04,19,43,2604.48
46285,8,2025-03-05,13,80,5332.56
46286,2,2025-03-10,11,52,3296.00
46287,10,2025-03-10,18,36,2610.25
46288,9,2025-03-12,18,81,5198.08
46289,1,2025-03-14,9,98,6438.79
46290,6,2025-03-14,12,61,4390.20
46291,6,2025-03-17,13,63,3927.21
46292,9,2025-03-17,18,75,4934.53
46293,3,2025-03-21,19,120,8250.88
46294,8,2025-03-28,9,21,1332.53
46295,1,2025-03-31,14,101,6461.78
46542,8,2025-03-04,18,86,5477.39
46543,9,2025-03-04,9,22,1247.26
46544,1,2025-03-06,14,97,6518.53
46545,8,2025-03-10,12,45,3005.86
46546,7,2025-03-11,10,55,3626.07
46547,9,2025-03-11,12,73,4543.77
46548,4,2025-03-12,15,81,4867.46
46549,7,2025-03-12,10,58,3677.65
46550,9,2025-03-17,9,19,1332.50
46551,8,2025-03-18,12,61,3931.20
46552,4,2025-03-21,13,100,6813.45
46553,2,2025-03-26,13,154,9975.12
46554,2,2025-03-26,19,123,7863.75
46555,3,2025-03-31,10,53,3688.99
46830,1,2025-03-03,12,84,5350.65
46831,6,2025-03-03,10,39,2333.88
46832,7,2025-03-03,10,35,2265.35
46833,9,2025-03-03,18,77,5122.67
46834,10,2025-03-04,13,44,2888.30
46835,10,2025-03-05,10,36,2504.49
46836,2,2025-03-06,9,32,2301.55
46837,6,2025-03-06,17,73,4531.98
46838,6,2025-03-06,18,60,3469.18
46839,5,2025-03-07,14,52,3691.49
46840,8,2025-03-10,13,61,4040.62
46841,10,2025-03-11,11,34,2162.41
46842,2,2025-03-19,13,118,8230.16
46843,5,2025-03-20,19,59,3722.46
46844,7,2025-03-27,10,60,3865.46
47118,9,2025-03-07,19,82,5491.19
47119,8,2025-03-11,12,71,4672.39
47120,9,2025-03-14,9,24,1705.73
47121,2,2025-03-17,12,95,6006.79
47122,8,2025-03-17,14,37,2347.69
47123,3,2025-03-21,15,92,6081.97
47124,10,2025-03-21,10,32,1969.42
47125,5,2025-03-25,17,61,3329.34
47126,9,2025-03-26,18,76,4767.00
47127,8,2025-03-27,19,53,3314.65
47391,3,2025-03-03,10,46,3200.77
47392,7,2025-03-03,12,76,5014.89
47393,7,2025-03-04,18,78,5228.75
47394,8,2025-03-06,10,27,1786.29
47395,1,2025-03-17,13,133,8248.35
47396,4,2025-03-17,19,76,4738.62
47397,6,2025-03-17,18,40,2398.28
47398,4,2025-03-28,9,40,2462.69
47399,6,2025-03-31,14,29,2088.94
47647,10,2025-03-03,18,29,1961.14
47648,7,2025-03-05,12,98,6538.32
47649,6,2025-03-06,15,32,2052.03
47650,8,2025-03-12,15,50,3374.40
47651,9,2025-03-18,16,38,2457.07
47652,8,2025-03-21,17,76,4954.12
47653,1,2025-03-24,17,170,11068.67
47654,2,2025-03-25,11,80,5093.40
47655,9,2025-03-26,17,100,6062.72
47954,1,2025-03-05,9,66,3983.35
47955,7,2025-03-05,9,38,2228.97
47956,7,2025-03-06,9,28,2157.60
47957,9,2025-03-11,9,18,1102.24
47958,10,2025-03-12,16,42,2823.47
47959,7,2025-03-13,18,82,5186.75
47960,3,2025-03-14,17,203,13334.99
47961,9,2025-03-14,14,83,5470.11
47962,10,2025-03-14,17,68,4150.76
47963,8,2025-03-19,12,78,5260.33
47964,3,2025-03-24,11,82,5625.69
47965,4,2025-03-24,11,51,3591.89
48227,8,2025-03-03,14,40,2712.11
48228,9,2025-03-04,12,65,4183.35
48229,10,2025-03-04,9,19,1105.86
48230,7,2025-03-06,17,75,4778.72
48231,6,2025-03-12,15,60,3689.55
48232,1,2025-03-13,11,109,6771.74
48233,2,2025-03-13,10,54,3286.18
48234,8,2025-03-13,11,51,3887.43
48235,8,2025-03-17,19,50,3827.44
48236,10,2025-03-24,9,9,570.93
48237,9,2025-03-25,10,56,3484.60
48504,3,2025-03-04,9,41,2647.25
48505,2,2025-03-05,12,112,7266.14
48506,7,2025-03-07,17,155,10124.97
48507,7,2025-03-10,10,37,2195.21
48508,4,2025-03-11,10,67,4404.17
48509,3,2025-03-13,16,89,5565.07
48510,8,2025-03-17,17,60,4538.51
48511,8,2025-03-19,11,63,3968.23
48512,8,2025-03-20,11,37,2465.28
48513,9,2025-03-20,10,53,3164.18
48514,1,2025-03-21,18,245,16240.46
48515,8,2025-03-24,9,12,725.25
48516,9,2025-03-24,15,40,2919.91
48517,1,2025-03-27,18,238,15265.66
48518,6,2025-03-27,19,77,4716.04
48813,7,2025-03-04,19,65,4354.70
48814,9,2025-03-04,15,46,2747.94
48815,4,2025-03-05,13,125,7137.38
48816,7,2025-03-05,13,93,6399.05
48817,10,2025-03-10,16,25,1280.40
48818,2,2025-03-12,16,74,5135.21
48819,3,2025-03-12,13,128,8671.85
48820,4,2025-03-14,19,116,7334.78
48821,7,2025-03-17,11,66,4656.53
48822,7,2025-03-17,15,39,2236.79
48823,3,2025-03-18,10,54,3125.23
48824,7,2025-03-19,11,67,4656.40
48825,8,2025-03-19,13,119,7654.77
48826,6,2025-03-20,17,74,4371.73
48827,8,2025-03-24,11,30,1724.66
48828,7,2025-03-25,19,77,4997.00
48829,4,2025-03-27,18,119,7321.16
48830,8,2025-03-27,10,48,3430.19
48831,6,2025-03-31,10,27,1751.64
49117,2,2025-03-04,12,81,5493.11
49118,7,2025-03-04,13,112,7796.98
49119,4,2025-03-06,15,73,4945.56
49120,8,2025-03-12,16,55,3346.53
49121,2,2025-03-18,11,74,4613.21
49122,5,2025-03-19,17,104,6751.92
49123,5,2025-03-21,14,64,4455.84
49124,6,2025-03-24,10,34,2261.56
49125,7,2025-03-25,18,111,7686.85
49126,3,2025-03-26,18,124,7523.87
49127,7,2025-03-26,12,83,5672.67
49128,1,2025-03-27,19,150,9298.43
49417,6,2025-03-11,17,45,3158.83
49418,9,2025-03-11,16,60,4219.75
49419,7,2025-03-12,11,71,4719.53
49420,7,2025-03-12,19,123,7989.75
49421,9,2025-03-12,14,79,5316.78
49422,1,2025-03-13,9,39,2586.58
49423,10,2025-03-18,15,24,1472.06
49424,6,2025-03-20,9,31,2385.75
49425,2,2025-03-21,18,126,7856.20
49426,5,2025-03-21,9,46,2871.58
49427,8,2025-03-24,18,56,3227.83
49428,9,2025-03-24,14,48,3298.53
49429,1,2025-03-25,14,138,9145.95
49430,4,2025-03-27,17,87,5891.79
49431,5,2025-03-27,15,40,2407.75
49432,6,2025-03-27,12,56,3417.53
49697,10,2025-03-03,11,20,1337.95
49698,2,2025-03-04,11,65,4116.56
49699,2,2025-03-07,13,175,11329.93
49700,2,2025-03-07,15,107,6853.06
49701,3,2025-03-11,16,131,9019.37
49702,8,2025-03-12,18,97,6185.14
49703,8,2025-03-12,19,73,4692.89
49704,6,2025-03-14,9,20,1262.71
49705,6,2025-03-17,12,53,3468.44
49706,2,2025-03-18,18,135,8372.90
49707,5,2025-03-19,14,78,5189.39
49708,9,2025-03-19,13,135,8539.84
49709,1,2025-03-21,16,165,10647.95
49710,2,2025-03-21,15,84,4871.37
49711,4,2025-03-24,15,55,3999.29
49712,6,2025-03-24,15,41,2727.65
49713,7,2025-03-24,19,59,3803.75
49714,9,2025-03-25,9,21,1211.62
49715,10,2025-03-26,11,27,1783.28
49965,1,2025-03-05,18,256,16144.87
49966,1,2025-03-07,12,163,10235.51
49967,6,2025-03-10,16,39,2549.62
49968,8,2025-03-13,15,56,3640.29
49969,6,2025-03-26,17,95,6179.13
49970,9,2025-03-26,9,37,2218.57
49971,1,2025-03-27,17,248,16217.41
49972,6,2025-03-27,17,85,5816.54
49973,3,2025-03-28,15,109,6721.43
49974,10,2025-03-28,18,74,4249.37
50245,7,2025-03-10,16,63,4186.09
50246,6,2025-03-11,9,24,1300.53
50247,5,2025-03-13,11,55,3501.20
50248,10,2025-03-13,13,39,2503.31
50249,1,2025-03-17,15,98,5898.94
50250,9,2025-03-18,13,55,3488.03
50251,10,2025-03-18,11,29,1863.67
50252,9,2025-03-19,18,103,6460.19
50253,9,2025-03-20,19,69,4868.55
50254,3,2025-03-27,10,75,5009.50
50255,5,2025-03-27,9,29,1796.49
50256,7,2025-03-28,11,47,2989.81
50529,9,2025-03-03,14,45,3146.24
50530,6,2025-03-07,12,71,4654.16
50531,9,2025-03-07,16,67,4530.38
50532,5,2025-03-13,9,32,2018.17
50533,6,2025-03-19,14,45,3046.34
50534,2,2025-03-20,14,99,5932.30
50535,1,2025-03-26,15,155,9982.47
50536,1,2025-03-31,15,88,5605.89
50537,7,2025-03-31,18,74,4784.32
50812,4,2025-03-03,14,59,4135.52
50813,5,2025-03-07,9,26,1645.42
50814,4,2025-03-10,9,35,1946.11
50815,5,2025-03-10,10,40,2935.74
50816,4,2025-03-13,10,49,3177.32
50817,4,2025-03-14,17,127,7601.07
50818,1,2025-03-17,9,32,1918.83
50819,4,2025-03-19,15,89,5547.40
50820,1,2025-03-20,12,114,6870.96
50821,4,2025-03-25,14,82,5263.10
51071,3,2025-03-03,19,97,6119.05
51072,3,2025-03-05,18,176,10991.61
51073,7,2025-03-06,15,57,3311.77
51074,7,2025-03-10,14,39,2758.32
51075,2,2025-03-13,14,65,4254.70
51076,5,2025-03-14,18,96,6387.82
51077,3,2025-03-17,18,136,8625.72
51078,7,2025-03-20,12,74,5096.56
51079,2,2025-03-24,15,72,4340.58
51080,4,2025-03-26,9,28,1448.38
51353,3,2025-03-06,17,127,8294.29
51354,7,2025-03-07,19,74,4554.48
51355,10,2025-03-07,12,33,2082.10
51356,1,2025-03-12,16,117,7765.02
51357,8,2025-03-12,12,60,4122.61
51358,8,2025-03-12,17,104,6756.72
51359,10,2025-03-12,10,31,1975.67
51360,2,2025-03-18,17,137,8730.26
51361,3,2025-03-18,13,120,7826.06
51362,10,2025-03-19,17,44,2713.03
51363,5,2025-03-21,11,67,4719.25
51364,7,2025-03-21,12,112,7326.41
51365,10,2025-03-26,18,39,3010.48
51366,9,2025-03-28,16,79,5532.12
51367,3,2025-03-31,19,97,6475.33
51645,6,2025-03-04,10,33,2042.86
51646,3,2025-03-05,9,38,2525.48
51647,10,2025-03-07,15,39,2665.62
51648,6,2025-03-12,11,67,4272.88
51649,6,2025-03-20,16,49,3410.81
51650,4,2025-03-25,11,58,3550.74
51651,9,2025-03-25,15,75,5181.36
51652,6,2025-03-26,14,56,3619.44
51950,10,2025-03-03,14,17,819.53
51951,7,2025-03-04,11,73,4419.32
51952,9,2025-03-05,19,55,3506.24
51953,1,2025-03-10,17,172,11125.46
51954,2,2025-03-10,19,83,5245.13
51955,10,2025-03-12,11,42,2713.72
51956,8,2025-03-13,19,73,4518.01
51957,9,2025-03-17,16,36,1874.56
51958,4,2025-03-18,16,57,3515.37
51959,6,2025-03-21,11,38,2618.77
51960,2,2025-03-26,12,78,4933.70
51961,4,2025-03-27,13,105,6775.33
51962,10,2025-03-27,17,36,2461.56
51963,3,2025-03-28,13,133,8594.69
52209,1,2025-03-03,15,101,6943.26
52210,7,2025-03-05,15,85,5591.76
52211,5,2025-03-06,19,57,3588.16
52212,1,2025-03-07,17,190,12330.47
52213,6,2025-03-11,10,44,3134.72
52214,6,2025-03-11,14,43,2652.64
52215,6,2025-03-12,19,73,4550.47
52216,10,2025-03-13,10,19,1136.48
52217,8,2025-03-14,9,31,2073.17
52218,4,2025-03-19,10,80,5111.70
52219,4,2025-03-19,12,68,4062.61
52220,4,2025-03-27,11,62,3962.71
52221,4,2025-03-31,18,54,3725.10
52222,7,2025-03-31,17,96,5790.48
52484,1,2025-03-05,14,137,7676.71
52485,6,2025-03-07,15,48,2977.46
52486,3,2025-03-17,19,98,6905.10
52487,4,2025-03-17,16,42,2881.88
52488,3,2025-03-24,9,37,2147.57
52489,4,2025-03-24,10,42,2473.65
52490,4,2025-03-25,13,136,8518.65
52491,9,2025-03-25,18,66,4156.03
52492,2,2025-03-31,11,67,4439.54
52757,5,2025-03-04,16,62,4139.64
52758,2,2025-03-06,13,150,9250.77
52759,10,2025-03-07,9,17,1064.47
52760,7,2025-03-10,11,66,4336.74
52761,1,2025-03-11,19,139,9304.52
52762,6,2025-03-20,18,68,4647.45
52763,6,2025-03-24,17,43,3024.40
52764,3,2025-03-31,12,62,3725.27
52765,3,2025-03-31,17,93,5646.23
53021,1,2025-03-05,12,206,13128.64
53022,6,2025-03-05,10,45,2831.34
53023,2,2025-03-10,10,60,3911.48
53024,9,2025-03-10,10,40,2643.69
53025,8,2025-03-11,17,52,3063.15
53026,4,2025-03-12,13,135,8787.39
53027,10,2025-03-14,18,49,2999.82
53028,8,2025-03-17,15,25,1819.52
53029,1,2025-03-21,12,220,14340.42
53030,9,2025-03-25,19,71,4269.49
53031,1,2025-03-26,14,176,11352.48
53032,2,2025-03-27,18,176,11600.96
53033,7,2025-03-27,9,25,1897.94
53034,8,2025-03-31,9,12,1010.86
53035,9,2025-03-31,10,37,2691.18
53273,6,2025-03-12,9,22,1352.62
53274,8,2025-03-12,9,30,2188.59
53275,2,2025-03-18,12,111,6979.07
53276,5,2025-03-26,14,59,3725.70
53277,8,2025-03-28,10,54,3788.21
53527,1,2025-03-04,16,80,4950.33
53528,5,2025-03-04,13,102,6318.23
53529,6,2025-03-04,9,21,1247.20
53530,3,2025-03-10,16,58,3847.13
53531,5,2025-03-14,14,65,4368.86
53532,8,2025-03-31,10,33,2031.18
53780,2,2025-03-03,9,31,1930.95
53781,5,2025-03-03,11,48,2989.72
53782,2,2025-03-07,18,175,11380.67
53783,5,2025-03-07,15,57,3777.06
53784,2,2025-03-10,16,81,5408.66
53785,9,2025-03-11,15,51,3564.67
53786,1,2025-03-12,18,181,12060.07
53787,3,2025-03-18,12,142,9276.70
53788,3,2025-03-21,11,96,7011.42
54058,2,2025-03-06,19,62,3848.25
54059,6,2025-03-10,9,17,914.71
54060,3,2025-03-13,11,122,7985.45
54061,8,2025-03-13,13,82,5352.51
54062,8,2025-03-14,14,69,4185.48
54063,10,2025-03-14,16,27,1772.98
54064,3,2025-03-17,16,57,4065.73
54065,8,2025-03-18,10,51,3368.86
54066,10,2025-03-18,10,22,1782.58
54067,7,2025-03-21,16,62,3940.57
54068,10,2025-03-25,11,24,1472.28
54069,6,2025-03-28,14,40,2526.13
54070,1,2025-03-31,11,96,6224.08
54071,4,2025-03-31,13,99,6405.01
54346,10,2025-03-10,14,21,1084.58
54347,6,2025-03-14,13,77,4781.44
54348,6,2025-03-18,19,47,3153.22
54349,1,2025-03-19,12,159,10678.65
54350,7,2025-03-19,19,73,4641.22
54351,9,2025-03-19,11,68,4409.72
54352,2,2025-03-20,19,110,6750.94
54353,6,2025-03-24,18,54,3517.35
54354,10,2025-03-26,9,16,895.99
54355,2,2025-03-31,14,78,5424.48
54356,5,2025-03-31,11,42,3057.74
54357,8,2025-03-31,11,42,2980.00
54617,7,2025-03-04,15,49,2986.09
54618,3,2025-03-11,18,178,11408.79
54619,4,2025-03-11,14,56,3908.04
54620,5,2025-03-11,10,36,2008.54
54621,7,2025-03-13,13,85,5696.77
54622,2,2025-03-14,10,113,7200.35
54623,10,2025-03-14,13,50,3471.50
54624,8,2025-03-31,18,62,3890.83
54906,3,2025-03-03,13,115,6960.88
54907,9,2025-03-05,12,91,6007.48
54908,2,2025-03-10,13,129,8179.08
54909,10,2025-03-11,19,32,2129.24
54910,5,2025-03-14,13,78,4997.01
54911,4,2025-03-18,9,35,2041.80
54912,7,2025-03-18,9,20,1239.92
54913,9,2025-03-19,10,79,4958.65
54914,2,2025-03-21,16,104,6712.85
54915,6,2025-03-26,19,57,3518.16
55150,10,2025-03-10,17,26,1666.51
55151,4,2025-03-18,12,56,3680.39
55152,1,2025-03-24,9,40,2599.82
55153,6,2025-03-27,14,61,3766.49
55154,10,2025-03-27,14,21,1377.14
55155,3,2025-03-28,12,134,9474.88
55156,7,2025-03-28,14,60,4240.97
55157,10,2025-03-31,14,14,1043.97
55183,5,2025-03-26,15,69,4412.25
55199,8,2025-03-05,10,57,3746.46
55200,10,2025-03-18,18,28,1872.97
55204,10,2025-03-20,18,34,2266.30
55214,5,2025-03-19,19,74,4824.53
55221,10,2025-03-19,15,39,2482.64
55263,6,2025-03-13,15,46,3073.44
55322,1,2025-03-19,15,160,10534.22
55335,1,2025-03-24,19,104,6722.31
55359,5,2025-03-18,13,55,3554.61
55417,7,2025-03-14,12,73,4821.59
55424,9,2025-03-17,12,45,3012.11
55483,3,2025-03-20,15,97,6633.38
55517,1,2025-03-03,16,97,6384.59
55547,9,2025-03-07,10,73,4826.83
55595,6,2025-03-13,19,46,3073.44
55606,1,2025-03-07,19,153,9921.35
55612,10,2025-03-07,13,36,2393.83
55618,1,2025-03-28,14,167,10968.63
55637,5,2025-03-14,15,72,4708.29
55649,6,2025-03-28,15,67,4354.60
55656,7,2025-03-31,19,59,3861.28
55678,6,2025-03-12,16,57,3596.54
55699,5,2025-03-10,15,47,3073.08
55726,2,2025-03-17,15,73,4658.11
55769,9,2025-03-03,13,49,3176.71
55776,10,2025-03-04,11,36,2368.09
55785,5,2025-03-20,18,57,3636.66
55816,9,2025-03-31,15,43,2887.54
55827,2,2025-03-04,13,82,5282.57
55840,10,2025-03-05,13,37,2398.67
55848,1,2025-03-05,13,171,10845.71
55853,8,2025-03-20,9,48,3144.96
55985,5,2025-03-04,10,64,4192.40
56039,4,2025-03-11,19,76,5158.84
56106,5,2025-03-20,9,57,3636.66
56157,8,2025-03-03,16,46,2972.21
56187,10,2025-03-18,19,28,1872.97
56211,6,2025-03-04,17,49,3304.48
56216,3,2025-03-26,13,112,7356.78
56269,7,2025-03-24,12,62,4011.97
56311,5,2025-03-18,18,55,3554.61
56313,7,2025-03-03,17,59,3895.93
56340,6,2025-03-13,12,46,3073.44
56384,1,2025-03-19,10,160,10534.22
56391,3,2025-03-24,18,86,5729.00
56403,7,2025-03-28,19,76,4849.67
56450,7,2025-03-31,14,59,3861.28
56452,1,2025-03-24,12,104,6722.31
56462,4,2025-03-28,14,92,5764.32
56492,2,2025-03-10,14,71,4536.92
56501,6,2025-03-14,10,60,3986.94
56531,5,2025-03-25,14,52,3314.66
56571,4,2025-03-18,17,68,4391.19
56709,6,2025-03-19,15,64,4243.52
56714,3,2025-03-14,11,135,8852.11
56740,8,2025-03-04,13,51,3319.90
56837,10,2025-03-28,14,41,2677.98
56846,5,2025-03-03,12,47,3024.52
56861,6,2025-03-04,19,49,3304.48
56864,7,2025-03-27,11,70,4650.14
56866,9,2025-03-05,14,72,4740.00
56916,1,2025-03-10,12,104,6736.46
56919,7,2025-03-26,10,89,5974.91
56950,3,2025-03-06,10,107,6939.71
56967,5,2025-03-04,11,64,4192.40
56968,10,2025-03-13,15,34,2156.45
56989,8,2025-03-05,18,57,3746.46
57004,10,2025-03-04,10,36,2368.09
57007,8,2025-03-07,16,59,3840.51
57017,4,2025-03-05,17,88,5641.22
57074,7,2025-03-18,15,67,4336.20
57082,5,2025-03-21,17,73,4871.91
57121,6,2025-03-21,14,55,3614.19
57158,2,2025-03-19,14,109,7183.37
57203,2,2025-03-26,18,99,6461.86
57209,3,2025-03-10,11,75,4879.97
57215,6,2025-03-06,10,44,2795.25
57241,2,2025-03-11,16,98,6404.26
57249,1,2025-03-18,12,127,8359.56
57263,9,2025-03-12,15,73,4855.14
57297,3,2025-03-20,18,97,6633.38
57332,2,2025-03-21,14,105,6741.99
57333,4,2025-03-28,17,92,5764.32
57342,10,2025-03-04,14,36,2368.09
57350,8,2025-03-03,10,46,2972.21
57352,3,2025-03-13,18,92,5866.45
57372,2,2025-03-24,18,68,4457.69
57392,7,2025-03-14,18,73,4821.59
57415,5,2025-03-13,15,62,4050.83